movieid,language
1672052,Afrikaans
1672052,English
1672111,English
1672580,English
1672716,English
1672946,English
1673647,French
1673658,English
1673848,English
1674388,English
1674388,Spanish
1674737,English
1677011,English
1677011,Vietnamese
1677346,English
1677472,English
1677516,English
1677631,English
1678036,English
1678036,Russian
1678591,English
1679029,English
1679461,English
1679507,English
1679920,Korean
1681633,English
1681655,English
1682657,English
1682657,Spanish
1682692,English
1682746,English
1682922,English
1684201,English
1684430,English
1684430,Italian
1684442,English
1684486,English
1684910,English
1685241,English
1685309,English
1685405,English
1685463,English
1685493,English
1685815,English
1686071,English
1686209,English
1687181,English
1687544,English
1687685,English
1687730,English
1687738,English
1687905,English
1688103,English
1688103,Italian
1688103,Russian
1688565,English
1688565,"Irish Gaelic"
1688565,Spanish
1689117,English
1689183,English
1689210,English
1689263,English
1689475,English
1689475,German
1690318,English
1690377,English
1690616,English
1690710,English
1690773,English
1690958,English
1691077,English
1691077,French
1691387,English
1691642,English
1691642,French
1691642,Latin
1691642,Spanish
1691685,English
1691793,English
1692173,English
1692173,Italian
1692404,English
1692580,English
1693225,English
1693305,English
1693341,English
1693345,English
1693346,English
1693347,English
1693348,English
1693818,English
1693861,"Arabic - (one scene)"
1693861,English
1693880,English
1694141,English
1694448,English
1694647,English
1694901,English
1695219,English
1695355,English
1695355,Italian
1696148,English
1696165,English
1696168,English
1696396,English
1696473,English
1696473,French
1696496,English
1696789,English
1697037,English
1697037,Spanish
1697674,English
1697690,English
1697774,English
1697774,Yiddish
1697856,English
1698492,English
1698547,English
1698667,English
1698944,English
1698960,English
1698960,Italian
1698972,English
1699546,None
1699876,English
1703410,English
1703469,English
1703588,English
1703679,Spanish
1703907,English
1703907,Spanish
1704569,English
1704571,English
1704577,English
1704577,Latin
1704577,Spanish
1704645,English
1705196,English
1705196,Russian
1705417,English
1706079,English
1706140,English
1706140,French
1706887,English
1707277,English
1707941,English
1708591,English
1708982,English
1708982,French
1709238,English
1709892,English
1709892,French
1709901,English
1709901,French
1709901,Latin
1710609,Japanese
1710622,Japanese
1710673,Mandarin
1710994,German
1711133,English
1711133,Lao
1711143,English
1711145,English
1711175,English
1711175,Russian
1711356,English
1711383,English
1711384,English
1711393,English
1711393,Hungarian
1711395,English
1711398,English
1712152,Japanese
1713183,English
1713499,English
1713755,English
1714481,English
1714991,English
1714991,French
1714991,German
1714991,Spanish
1715025,English
1715186,English
1715186,Spanish
1715253,English
1715288,English
1715380,English
1715404,English
1715607,English
1715793,English
1716019,English
1716020,English
1716411,English
1716452,English
1716452,French
1716452,Latin
1716615,English
1716615,Spanish
1717077,English
1717117,English
1717144,English
1717455,English
1717910,English
1718318,English
1718342,English
1718968,French
1719502,English
1719614,"English - (intertitles)"
1720040,English
1720040,German
1720040,Italian
1720040,Latin
1720443,English
1721568,English
1721607,English
1721750,English
1721864,English
1721888,English
1721888,Swedish
1721919,English
1721967,English
1722098,English
1722164,English
1722174,English
1722181,English
1722181,Hebrew
1722181,Russian
1722181,Yiddish
1722198,Cantonese
1722198,English
1722198,Spanish
1722327,English
1722395,English
1722617,Catalan
1722761,English
1722761,Mende
1722761,Spanish
1722776,English
1722777,English
1723002,English
1723532,English
1724000,English
1724000,French
1724000,Italian
1724037,English
1724179,English
1724180,English
1724190,English
1724193,English
1724193,French
1724201,English
1724201,French
1724201,German
1724413,English
1724880,English
1725437,Korean
1725774,English
1726761,English
1726934,English
1726934,French
1726934,Russian
1727017,German
1727017,Latin
1727082,English
1727237,English
1727237,Spanish
1727348,English
1727413,English
1727885,English
1728742,English
1728802,English
1728802,French
1728889,English
1728948,English
1729005,English
1729026,English
1729240,English
1729260,English
1729569,English
1729818,English
1729818,Italian
1730566,English
1730566,Russian
1730640,English
1730640,French
1730640,Thai
1730836,English
1730975,English
1730975,"German - (archive footage)"
1731412,English
1731505,English
1731582,English
1732344,Dutch
1732496,English
1732658,English
1732858,English
1733111,Bengali
1733111,English
1733479,English
1733479,French
1733479,Khmer
1733479,Vietnamese
1733566,English
1734162,English
1734321,English
1734321,German
1734369,Bengali
1734803,English
1734803,Spanish
1735791,English
1736211,English
1736268,English
1736268,Indonesian
1736268,Russian
1736362,English
1736592,English
1736794,Cantonese
1736794,English
1736794,French
1736794,German
1736794,Hindi
1736794,Turkish
1737340,English
1737340,German
1737713,French
1737766,English
1738481,English
1739234,Arabic
1740732,English
1740752,Dutch
1740752,English
1740752,Spanish
1740811,English
1741487,Bengali
1741487,English
1741487,French
1741487,Romanian
1741487,Russian
1741682,English
1742509,English
1742509,French
1743028,English
1743689,German
1743852,English
1744178,English
1744391,English
1744809,English
1744811,English
1744811,German
1745373,English
1745406,English
1745530,English
1746382,English
1746829,English
1747382,Spanish
1747494,English
1747494,Italian
1747545,English
1747545,French
1747545,Italian
1747649,English
1747899,Mandarin
1748196,English
1748219,English
1748315,English
1748317,English
1748754,English
1748996,English
1749026,English
1749222,Persian
1749247,English
1749247,Japanese
1749438,English
1749683,English
1749731,English
1749735,English
1749737,English
1749806,English
1749806,French
1749806,German
1749806,Russian
1749891,English
1750364,English
1750424,English
1750510,English
1750510,Spanish
1750660,English
1750660,Spanish
1750728,English
1750816,English
1751059,Persian
1751071,English
1751872,English
1753266,English
1753348,English
1753400,English
1753578,English
1753578,Yiddish
1753695,English
1753837,Assamese
1753837,Hindi
1753860,German
1754754,None
1754799,English
1754799,French
1754799,German
1754884,English
1755112,English
1755112,Spanish
1755524,English
1755813,English
1756051,English
1756391,English
1756768,English
1756902,English
1756902,Spanish
1756980,English
1757342,English
1757347,English
1757347,French
1757367,English
1757378,English
1757423,English
1757465,Spanish
1757485,English
1757698,English
1757893,English
1758767,English
1758856,English
1759189,English
1759189,Italian
1759448,English
1759573,English
1759654,English
1759685,English
1759851,English
1759851,French
1759983,English
1760306,English
1760386,English
1760386,German
1760449,English
1760586,English
1760752,English
1760876,English
1760876,French
1760876,German
1760927,English
1760978,Albanian
1760978,English
1760978,French
1760978,Macedonian
1762161,English
1762161,"Scottish Gaelic"
1762174,English
1762229,English
1762229,Italian
1762229,Russian
1762644,English
1762654,English
1762654,French
1762853,French
1762853,Mongolian
1762853,Spanish
1763019,English
1763083,English
1763465,English
1763653,English
1763877,English
1763883,English
1763910,English
1763974,English
1764861,English
1764861,Italian
1764861,Swahili
1765082,English
1765108,English
1765164,English
1765347,English
1765652,English
1765787,English
1765789,English
1765811,English
1765827,English
1766407,English
1766427,English
1766668,English
1766849,English
1767110,English
1767151,English
1767537,English
1767537,Punjabi
1768211,Mandarin
1768389,English
1768698,English
1769145,English
1769408,English
1769408,Italian
1769516,English
1769766,English
1769840,English
1769840,Italian
1770285,Cantonese
1770285,English
1770807,English
1771528,English
1771672,English
1771673,English
1772092,English
1772497,Bulgarian
1772497,English
1772500,English
1772651,English
1772934,English
1772934,French
1772934,German
1772934,Italian
1772934,Japanese
1773358,English
1773358,French
1773436,English
1773944,English
1774349,English
1775245,English
1775382,English
1775747,English
1775854,English
1776052,English
1776052,Russian
1776063,English
1776063,Hungarian
1776173,English
1776338,English
1776407,English
1776407,French
1776556,English
1776556,Yiddish
1776732,English
1776893,English
1777297,English
1777374,English
1777932,English
1778025,English
1778258,English
1778411,English
1778413,English
1778514,English
1778514,Japanese
1778536,English
1778697,English
1778699,English
1779176,English
1779176,"Irish Gaelic"
1779201,English
1779349,English
1779361,English
1779474,English
1779474,French
1779474,Hawaiian
1779528,English
1779735,English
1779757,English
1779835,English
1779868,English
1779914,English
1780022,English
1780022,Russian
1780595,English
1780992,Spanish
1781241,English
1781274,English
1781295,English
1781303,English
1781518,English
1781518,French
1781597,English
1781603,English
1783029,English
1783282,English
1783500,English
1783500,French
1783641,English
1783685,English
1783892,English
1784129,English
1784206,English
1784275,English
1784416,English
1784663,Portuguese
1784877,English
1784877,Spanish
1785170,English
1785251,Arabic
1785251,English
1785251,Spanish
1785265,English
1785529,English
1785755,English
1786099,English
1786099,Spanish
1786124,English
1786136,English
1786142,English
1786183,English
1786236,English
1786413,English
1786566,English
1786921,English
1787090,English
1787090,French
1787090,Latin
1787149,English
1787511,English
1787511,Portuguese
1787525,English
1787603,English
1787603,French
1787603,Italian
1787911,English
1788154,English
1788165,English
1788314,English
1788621,English
1788624,English
1788628,English
1788636,English
1788817,English
1789015,English
1789145,English
1789259,English
1789269,English
1789511,English
1789511,French
1789511,German
1789692,English
1789747,English
1789910,English
1789910,Thai
1790007,English
1790082,English
1790082,Japanese
1790082,Maori
1790082,Serbo-Croatian
1790311,English
1790523,English
1790530,"Russian - (intertitles)"
1790753,English
1790780,English
1790984,English
1791085,English
1792102,English
1792218,English
1792281,Norwegian
1792349,English
1792363,English
1792523,English
1792523,Spanish
1792625,English
1792713,English
1793297,English
1793433,English
1793451,English
1793604,English
1794215,Serbian
1794255,English
1794772,English
1795157,English
1795427,English
1795631,English
1795698,English
1795698,Spanish
1795997,English
1796704,English
1796731,French
1797310,English
1797365,English
1797386,French
1798275,English
1798275,French
1798275,German
1798275,Hebrew
1798372,English
1798632,English
1799339,English
1799603,Hungarian
1801311,English
1801574,English
1801936,English
1802055,English
1802058,English
1802287,Italian
1802676,English
1802677,English
1803115,English
1803115,French
1803115,Spanish
1803357,English
1803905,English
1803921,English
1804232,English
1804232,Spanish
1804427,French
1804484,English
1804484,Portuguese
1804630,English
1804779,Italian
1804779,Spanish
1804898,English
1804923,English
1804924,English
1804925,English
1804947,English
1804947,Italian
1804947,Mandarin
1805163,English
1805225,English
1805246,English
1805273,English
1805799,English
1805799,French
1805799,German
1805799,Italian
1806151,English
1806151,French
1806151,Persian
1806217,English
1806794,English
1806845,English
1806896,English
1806914,English
1806940,English
1807303,English
1807444,English
1807562,English
1807604,English
1807863,English
1808298,English
1808524,English
1808813,English
1809047,English
1809149,German
1809149,Portuguese
1809197,English
1809431,English
1809724,French
1809864,French
1809984,English
1809998,English
1810092,English
1810470,"English - (intertitles)"
1811382,Cantonese
1811626,English
1811626,French
1811626,German
1811626,Italian
1811722,English
1811722,French
1812202,English
1812255,English
1812339,German
1812450,English
1812490,English
1813663,English
1815267,English
1815901,English
1815914,English
1815915,English
1816153,"American Sign Language"
1816153,English
1816171,English
1816175,English
1816176,English
1816182,English
1816182,Russian
1816238,English
1816379,English
1816691,Cantonese
1816691,English
1816691,Spanish
1816742,Cantonese
1816742,English
1817535,English
1817898,English
1818342,English
1818562,English
1819155,English
1819411,Cantonese
1819870,Japanese
1820147,Polish
1820288,English
1820288,French
1820400,English
1821008,English
1821229,English
1821229,Spanish
1821599,English
1821619,English
1821739,English
1821769,English
1821807,English
1821852,English
1821917,English
1822415,English
1822607,English
1822639,English
1822675,English
1823008,English
1823101,English
1823223,English
1823361,English
1823486,English
1823740,English
1823753,English
1823865,English
1823865,French
1823865,Hindi
1823865,Spanish
1824605,English
1824615,English
1824615,French
1824623,English
1824623,Spanish
1824685,French
1824923,English
1825343,English
1825348,English
1826286,English
1826962,English
1827008,English
1827432,English
1827800,English
1827800,Japanese
1828055,English
1828055,German
1828413,English
1828447,English
1828716,English
1829030,English
1829152,English
1829153,English
1829283,English
1829283,Spanish
1829882,English
1830096,English
1830116,English
1830497,English
1830509,English
1830531,English
1830564,English
1831084,English
1831363,English
1831593,English
1831790,English
1831790,"German - (archive footage)"
1831790,Russian
1831790,Spanish
1831904,French
1832668,English
1832720,English
1832832,English
1832852,English
1832852,German
1832852,Russian
1832872,English
1832956,English
1833143,English
1833175,English
1833995,English
1834154,Spanish
1834266,English
1834423,Spanish
1834632,English
1835117,English
1835175,English
1835296,English
1835296,French
1835442,English
1835618,English
1836147,English
1836375,English
1836375,Italian
1836516,English
1836516,Swedish
1836984,English
1837319,English
1837323,English
1837340,English
1837467,English
1837469,English
1837764,English
1837962,English
1837991,English
1838092,English
1838160,English
1838360,English
1838411,Bulgarian
1838411,German
1838411,Romany
1838411,Serbian
1838481,English
1838568,Spanish
1838619,English
1838773,English
1838773,German
1838773,Russian
1838850,English
1839137,English
1839311,English
1839442,English
1839754,English
1840524,English
1840882,English
1841896,English
1841896,Spanish
1842301,English
1842580,English
1842584,English
1843039,French
1843756,English
1843756,Icelandic
1843757,English
1844312,Mandarin
1844854,English
1844997,English
1845075,Dutch
1845075,French
1845075,Latin
1845075,Spanish
1846390,English
1846990,English
1847035,English
1847048,English
1847051,English
1847080,English
1847080,Pawnee
1847080,Sioux
1847235,English
1847595,English
1847692,English
1847699,English
1847699,Zulu
1847722,English
1847739,English
1848628,English
1848859,English
1848859,"Irish Gaelic"
1849147,English
1849156,English
1850182,English
1850182,German
1851750,German
1851871,German
1852854,English
1852976,English
1853052,English
1853104,English
1853104,Spanish
1853531,English
1853531,Spanish
1854045,English
1854142,English
1854142,Italian
1854166,English
1854166,French
1854233,English
1854918,Spanish
1856252,English
1856325,English
1856595,English
1856608,English
1856613,English
1856672,English
1856727,English
1856731,English
1856763,English
1856939,English
1857326,English
1857496,English
1857769,English
1857796,English
1858038,English
1858357,English
1858357,German
1858357,Italian
1858361,English
1858362,English
1858363,English
1858364,English
1858396,English
1858463,English
1859092,English
1859092,Spanish
1859351,English
1859542,English
1859617,English
1859753,English
1859753,Korean
1860181,English
1860181,Japanese
1860327,English
1860806,French
1861004,English
1861112,Italian
1861202,English
1861514,English
1862412,English
1864055,English
1864055,French
1864055,German
1864055,Hebrew
1864055,Spanish
1864846,English
1864846,Latin
1866000,English
1866000,French
1866000,German
1866391,German
1866400,German
1867752,Russian
1868310,English
1868312,English
1868452,English
1868890,English
1869010,English
1869092,English
1869304,English
1869461,English
1869771,Latin
1869771,Swedish
1870038,English
1870132,English
1870151,English
1870221,English
1870751,English
1870798,English
1871727,English
1871833,English
1872091,English
1872091,German
1872091,Polish
1872587,English
1872662,English
1873263,German
1873263,Hebrew
1873263,Italian
1873263,Polish
1873263,Russian
1874279,English
1874279,German
1874279,Italian
1874284,English
1874284,Spanish
1874295,English
1874295,German
1874295,Romanian
1875013,German
1875764,German
1875764,Tibetan
1875962,German
1878227,German
1878537,English
1878658,English
1878669,English
1879298,English
1879358,English
1879599,English
1879793,Cantonese
1879793,"English - (dubbed)"
1879793,Mandarin
1880202,English
1880648,English
1880846,English
1881802,English
1881868,French
1883153,English
1883527,English
1883528,English
1883660,English
1883660,Russian
1883995,English
1884087,English
1884286,English
1885039,English
1885177,Romany
1885177,Serbo-Croatian
1885734,English
1885734,Spanish
1886005,English
1886005,Spanish
1886830,Mandarin
1887066,English
1887066,Italian
1887066,Japanese
1888102,Spanish
1888780,Cantonese
1888780,English
1888811,English
1888823,English
1889009,English
1889253,English
1889491,English
1889579,English
1889579,Italian
1889621,English
1889788,English
1889788,French
1890357,English
1890357,French
1890437,English
1890437,Russian
1890515,English
1890516,English
1890522,Bulgarian
1890522,English
1890522,Greek
1890522,Latin
1890522,Romanian
1890588,English
1890829,English
1891484,English
1891605,English
1891649,English
1891803,English
1892010,English
1892794,English
1892991,English
1892991,Hebrew
1893207,English
1893210,English
1893245,English
1893343,English
1893483,English
1893657,English
1894338,English
1894453,English
1894619,English
1894753,English
1895102,English
1895102,German
1895102,Swedish
1895159,English
1895286,English
1895286,Italian
1895298,Cantonese
1895298,Mandarin
1895425,English
1895425,French
1895463,Cantonese
1896345,English
1896980,English
1897539,German
1897539,Italian
1897539,Russian
1897539,Serbian
1897778,English
1898323,English
1898372,English
1898449,English
1898449,Urdu
1898539,English
1898779,English
1898814,English
1898814,Spanish
1898834,English
1898971,English
1899474,German
1899694,English
1899730,English
1899741,English
1899769,English
1899769,Russian
1899880,French
1900069,English
1900319,English
1900465,English
1901554,English
1903954,Spanish
1904083,Hebrew
1904548,Spanish
1904704,Spanish
1906242,Spanish
1907821,Spanish
1910848,English
1910848,Spanish
1911817,English
1911817,French
1912439,English
1913354,English
1913703,English
1914108,French
1914192,French
1915247,English
1915247,Italian
1915291,English
1915498,English
1915498,Latin
1915861,English
1915987,English
1916996,English
1917129,English
1918307,English
1918312,English
1918615,English
1919846,English
1919853,English
1919898,English
1919947,English
1920973,French
1920973,Russian
1921463,English
1921463,French
1922080,Dutch
1922080,Hebrew
1922080,Polish
1922571,English
1922571,French
1922571,German
1922571,Italian
1923001,English
1923072,English
1923165,English
1923165,Latin
1923244,English
1923287,English
1923531,English
1923821,English
1923955,English
1923981,English
1923981,Italian
1924384,English
1924700,English
1924755,English
1924959,English
1925337,English
1925449,English
1925449,French
1925477,English
1925477,Hebrew
1925610,English
1926507,English
1926668,English
1926854,English
1926854,French
1926854,Korean
1926854,Spanish
1926866,English
1927003,English
1927021,English
1927338,English
1927339,English
1927950,English
1927950,Latin
1928609,English
1928609,Russian
1928755,English
1928940,English
1929146,None
1929151,English
1929205,English
1929262,"Assyrian Neo-Aramaic"
1929262,English
1929262,Syriac
1929431,English
1929431,Korean
1929431,Spanish
1929514,English
1930227,English
1930572,English
1930730,English
1930730,German
1930730,Swedish
1930730,Yiddish
1930793,English
1930810,English
1930942,English
1931213,English
1931235,English
1931489,English
1931497,French
1931497,Italian
1931607,English
1932160,English
1932207,English
1932235,English
1932389,English
1932393,English
1932451,English
1932451,Yiddish
1932817,English
1932819,English
1932958,English
1933191,Czech
1933191,Latin
1933254,French
1933459,English
1933552,English
1933599,English
1933633,English
1933702,English
1933830,English
1934075,English
1934260,Cantonese
1934406,English
1934406,French
1934406,"Irish Gaelic"
1934787,English
1935106,Mandarin
1935417,English
1935619,Danish
1935619,English
1935619,German
1936069,English
1936394,English
1936478,English
1936800,English
1938005,French
1938142,English
1938743,English
1939369,English
1939525,English
1939666,English
1939666,French
1939754,English
1939762,English
1939775,English
1939900,English
1940096,English
1940121,English
1940174,English
1941011,German
1941011,Italian
1941011,Spanish
1941100,English
1941271,English
1941902,English
1942017,English
1942058,English
1942083,English
1942223,English
1942296,English
1942299,English
1942625,English
1942758,English
1942787,English
1942787,German
1942787,Japanese
1942828,English
1942898,English
1943470,English
1943586,English
1943718,English
1943961,English
1944457,English
1944510,English
1944862,English
1944905,English
1944905,Spanish
1945150,English
1945248,English
1945371,French
1945579,English
1945589,English
1945700,English
1945816,English
1945816,Spanish
1945855,English
1945855,Greek
1945855,Italian
1946023,English
1946023,Greek
1946107,English
1946327,English
1946379,English
1946397,English
1946463,English
1946562,Dutch
1946562,English
1946562,Latvian
1946595,English
1946833,English
1946963,English
1947355,English
1948277,English
1948340,"British Sign Language"
1948340,English
1948561,English
1949144,English
1949444,English
1949502,English
1949502,Latin
1949508,English
1949526,English
1949624,English
1950286,English
1950466,English
1950577,English
1950688,English
1950689,English
1950690,English
1950946,English
1951003,English
1951279,English
1951279,French
1951390,English
1951397,English
1951417,Spanish
1951428,English
1951931,English
1951984,English
1951988,English
1951989,English
1951990,English
1951991,English
1951993,English
1952001,English
1952054,English
1952201,English
1952386,English
1952391,English
1952490,English
1952676,English
1952847,English
1952847,Spanish
1952923,English
1953106,English
1953106,Russian
1953106,Turkish
1953354,English
1953362,English
1955153,English
1955153,Vietnamese
1955207,English
1955231,English
1955340,English
1955728,English
1955747,English
1955750,English
1957176,English
1957176,German
1957176,Italian
1957184,English
1957472,Persian
1958267,English
1959117,English
1959300,English
1960531,English
1960768,English
1960768,Esperanto
1961185,French
1962315,English
1963038,English
1963417,English
1963417,Spanish
1963479,English
1963479,Hebrew
1963756,French
1963794,English
1964069,English
1964073,English
1964074,English
1964200,English
1964209,English
1964242,English
1964339,English
1964467,English
1964503,English
1965214,English
1965236,English
1965261,English
1965261,French
1965516,English
1965632,English
1965850,English
1965850,Spanish
1966241,English
1966241,French
1966349,English
1966349,German
1966349,Spanish
1966580,Cantonese
1966580,English
1966580,Mandarin
1966583,Cantonese
1967074,English
1967290,English
1967379,English
1967389,English
1967389,Spanish
1967955,English
1968813,English
1969187,English
1969197,English
1969753,English
1969851,English
1969868,English
1970159,English
1970215,English
1970300,English
1970338,English
1970505,English
1970696,English
1970861,English
1971093,English
1971149,English
1971149,French
1971149,Japanese
1971149,Russian
1971149,Spanish
1971464,English
1971706,Japanese
1971707,English
1971707,Japanese
1971707,Russian
1971712,Japanese
1971929,English
1972108,English
1972108,German
1972287,English
1972287,Russian
1972287,Spanish
1972324,Chinese
1972324,English
1972324,Spanish
1972807,English
1972854,English
1972884,English
1973432,English
1973625,English
1973808,English
1973922,English
1973922,Italian
1974272,English
1974519,Croatian
1974519,English
1974519,Serbo-Croatian
1974583,English
1974724,English
1974984,French
1974984,Spanish
1975181,English
1975609,English
1975664,English
1975664,Russian
1976109,English
1976319,English
1976454,English
1976610,English
1976612,English
1976643,English
1976777,English
1977589,English
1977589,Spanish
1977592,English
1977857,English
1978263,English
1978309,English
1978312,English
1978312,French
1978415,English
1978415,French
1978778,English
1978782,English
1979111,Spanish
1979164,English
1979447,English
1979839,English
1979883,English
1980073,English
1980149,English
1980267,English
1980412,English
1981072,English
1981170,English
1981506,English
1982133,English
1982903,English
1982903,Italian
1982903,Japanese
1982903,Russian
1983455,English
1983617,Cantonese
1983617,English
1983859,English
1983859,Turkish
1984278,English
1984283,English
1984284,English
1984305,English
1984320,English
1984323,English
1984372,English
1984593,Italian
1984593,Turkish
1984763,English
1984785,English
1984792,English
1984793,English
1985138,Japanese
1985443,English
1985576,English
1985642,English
1985755,English
1985793,English
1985793,German
1986482,English
1986482,Russian
1986845,English
1986848,English
1987088,German
1987126,English
1987387,English
1987387,German
1987547,English
1987607,English
1988142,Italian
1988380,English
1988448,English
1988626,English
1988834,English
1988919,English
1989616,English
1989826,English
1990705,English
1990862,Chinese
1990862,English
1991064,English
1991115,English
1991115,Greek
1991269,English
1991544,English
1991646,English
1991707,English
1991951,English
1991951,Spanish
1991969,English
1992100,English
1992100,French
1992100,Vietnamese
1992217,English
1992217,Spanish
1992315,English
1992335,English
1992335,Vietnamese
1992344,English
1992374,English
1992459,English
1992459,Japanese
1992478,English
1992502,English
1992502,French
1992538,English
1992600,English
1992682,English
1992774,English
1992774,Welsh
1993553,English
1993850,English
1993913,English
1993913,Japanese
1994073,English
1994279,English
1994414,English
1994418,English
1994419,English
1994580,English
1995071,English
1995121,English
1995121,French
1995178,English
1995179,English
1996222,English
1996222,Spanish
1996223,English
1996223,French
1996227,English
1996275,English
1996275,Spanish
1996365,English
1996544,English
1996888,Hindi
1998427,English
1998849,English
1998864,Arabic
1998864,English
1998864,French
1999026,English
1999095,Danish
1999095,English
1999210,English
1999210,Spanish
1999241,English
1999308,English
1999581,English
1999623,English
1999628,English
1999634,English
1999634,French
1999634,"Scottish Gaelic"
1999986,English
2000130,English
2001271,English
2002121,French
2002121,Italian
2002500,English
2002500,French
2002500,Latin
2003554,English
2003869,Hungarian
2004240,English
2004435,English
2004444,English
2005166,English
2005202,English
2005242,English
2005280,Spanish
2005459,English
2005467,English
2005467,French
2005469,English
2005469,"Polish - (one scene)"
2005550,English
2005656,English
2005831,English
2006016,English
2006320,English
2006322,English
2006660,English
2006702,English
2006796,English
2006796,Hawaiian
2006907,Japanese
2006907,Mandarin
2006992,German
2007256,English
2007295,Dutch
2007305,English
2007465,English
2007522,English
2007673,English
2008297,English
2009281,English
2009507,English
2010080,English
2010339,English
2010351,English
2010417,English
2010432,English
2010439,English
2010442,English
2010567,English
2010591,English
2010811,English
2010812,English
2010861,English
2011220,English
2011220,Welsh
2011327,English
2011538,English
2011835,English
2012189,English
2012308,English
2012468,English
2012474,English
2012474,German
2012514,English
2013009,Cantonese
2013009,English
2013180,English
2013370,English
2013847,English
2014240,Cantonese
2014240,English
2014240,French
2014741,Mandarin
2014806,English
2014847,English
2014992,English
2015145,English
2015664,English
2016321,English
2016321,Swedish
2016990,English
2016990,French
2017211,English
2017357,English
2017615,English
2017696,English
2018026,English
2018109,English
2018119,English
2018220,English
2018491,English
2018562,English
2018570,English
2018634,English
2019104,English
2019186,English
2019186,"Spanish - (on-screen text)"
2019328,Italian
2019451,Italian
2020617,Italian
2020780,English
2020812,English
2020856,English
2021095,English
2021329,English
2021560,English
2021560,German
2023079,English
2023079,French
2023079,Italian
2023205,Danish
2023228,English
2023565,English
2023785,English
2024562,Italian
2024833,Italian
2025172,French
2025172,Italian
2025742,Italian
2026315,Italian
2026671,English
2027057,Italian
2027469,Italian
2027949,English
2028072,English
2028079,English
2028238,English
2029309,English
2029381,English
2029975,English
2030303,English
2030427,English
2030641,English
2030641,Italian
2030843,English
2031233,English
2031233,French
2031463,English
2032104,English
2032173,English
2032270,"American Sign Language"
2032270,English
2032626,English
2032743,English
2032839,English
2032879,English
2033355,English
2033355,French
2033355,German
2033854,English
2034091,English
2034166,English
2034409,English
2034464,English
2034464,German
2034464,Greek
2034473,English
2034473,Sinhala
2034705,French
2034705,Vietnamese
2035079,English
2035079,Italian
2035238,English
2035535,English
2037379,Norwegian
2037379,Swedish
2037451,English
2037451,French
2037451,Norwegian
2037451,Spanish
2037640,English
2037667,English
2037667,German
2038091,English
2038757,English
2038757,French
2038910,English
2039701,English
2039774,English
2040205,Italian
2040689,English
2040763,English
2040764,English
2040764,Russian
2040765,English
2041945,English
2042409,English
2042414,English
2042417,English
2042450,English
2042462,English
2042524,English
2042532,English
2042748,English
2043167,English
2043588,English
2043628,English
2044667,English
2044667,French
2044667,Russian
2044913,English
2044913,Spanish
2044952,English
2044952,French
2044952,German
2044952,Italian
2044952,Russian
2045231,English
2045245,English
2045245,Spanish
2045328,English
2045876,English
2046051,English
2046161,English
2046389,English
2046586,English
2046667,English
2046902,English
2047096,English
2047331,English
2047593,English
2047641,English
2048384,English
2048413,English
2048611,English
2048619,English
2048622,English
2048624,English
2049321,French
2049438,English
2049438,French
2049814,English
2049814,French
2049822,English
2050120,English
2050380,English
2050532,English
2050561,English
2051069,English
2052306,English
2052559,Mandarin
2052620,English
2053107,English
2053107,Latin
2053384,English
2053502,English
2053508,English
2054459,English
2054459,Japanese
2054549,Spanish
2054579,English
2054984,French
2056719,English
2056719,Latin
2056752,English
2056849,English
2056919,English
2057285,Cantonese
2057507,English
2057507,French
2057507,German
2057709,English
2057859,English
2057859,French
2057973,English
2058247,English
2058289,English
2058442,English
2058644,English
2058680,English
2058680,Spanish
2058733,English
2058950,English
2059661,English
2061440,Japanese
2062622,English
2062958,English
2062958,Italian
2064107,English
2064709,Dutch
2064709,English
2064709,French
2064709,German
2065922,German
2066931,Chechen
2066931,Georgian
2066931,Russian
2067104,English
2067595,English
2067764,English
2067764,Hebrew
2067764,Spanish
2068023,German
2068316,English
2068316,French
2068316,German
2069192,English
2069192,Italian
2069265,English
2069717,Persian
2070201,English
2070230,English
2070468,English
2070468,"Scottish Gaelic"
2070548,English
2070614,English
2070622,English
2070627,English
2070880,Spanish
2071313,English
2071566,English
2071578,English
2071800,English
2071800,French
2071915,English
2072443,English
2072508,English
2072510,English
2072519,English
2072728,English
2072728,Spanish
2072804,English
2073054,English
2073156,English
2073156,Japanese
2073938,English
2074015,English
2074067,English
2074067,Mandarin
2074106,English
2074187,English
2074632,Norwegian
2075122,English
2075324,English
2075452,English
2075554,English
2076744,Czech
2076744,Russian
2076744,Slovak
2077306,Japanese
2078652,None
2078857,English
2079361,English
2079616,English
2080444,English
2080719,English
2080719,Mandarin
2080719,Tibetan
2081397,English
2082589,Swedish
2082758,Japanese
2084764,French
2085383,French
2085434,French
2086876,French
2087502,Italian
2087502,Sicilian
2087502,Spanish
2087693,French
2088076,English
2088141,English
2088412,English
2091188,German
2091188,Italian
2091255,Cantonese
2091255,French
2091405,English
2091405,French
2092032,French
2092629,French
2092629,Polish
2093179,English
2093179,French
2093616,French
2093617,French
2093617,Greek
2093617,Italian
2093759,French
2093759,Spanish
2094455,English
2094455,French
2094455,German
2094455,Russian
2094683,None
2094747,French
2094854,English
2094854,Spanish
2095261,French
2095288,English
2095320,Galician
2095320,Latin
2095320,Spanish
2096283,Italian
2096794,French
2096850,English
2096850,French
2097603,Spanish
2097722,French
2098630,French
2099040,French
2099040,Romanian
2099471,French
2099471,Italian
2100174,Italian
2100901,French
2100911,French
2102238,French
2102302,French
2102312,French
2102344,French
2102540,English
2102540,German
2102540,Italian
2103144,English
2103526,Italian
2103866,English
2103908,English
2103955,English
2103975,English
2104410,English
2104759,Albanian
2104759,Italian
2105754,English
2106723,Spanish
2106899,English
2106940,English
2107118,English
2107343,English
2107343,Spanish
2107404,English
2107497,English
2107634,English
2107847,Cantonese
2107892,English
2108364,English
2108654,English
2109065,English
2109077,English
2109093,Arabic
2109093,English
2109093,Turkish
2110112,French
2110128,French
2110973,French
2111069,English
2111069,French
2111847,French
2111960,French
2112240,French
2112346,English
2112346,French
2112346,Italian
2112512,French
2112515,French
2113512,English
2113512,French
2113512,German
2113512,Italian
2113531,French
2113531,Italian
2113595,Italian
2114355,English
2114635,French
2115171,French
2115628,French
2116072,English
2116072,French
2116072,German
2116072,Italian
2116072,Mandarin
2116658,English
2116708,English
2116736,English
2116855,English
2116855,Russian
2117546,English
2117637,English
2117637,Italian
2117874,English
2119117,French
2119264,English
2119409,French
2119425,French
2120136,French
2120569,French
2121501,French
2121565,English
2121565,French
2121565,German
2121785,French
2121785,Spanish
2121889,French
2122177,English
2122177,French
2122231,French
2122271,French
2122764,French
2122788,French
2123712,English
2124042,English
2124260,English
2124355,English
2124357,Afrikaans
2124357,English
2124358,English
2124359,Cantonese
2124359,English
2124359,Mandarin
2125443,English
2125639,English
2125639,German
2125639,Yiddish
2125784,English
2125784,Spanish
2126243,German
2126595,English
2126772,English
2127239,English
2127239,Latin
2127402,English
2127563,English
2127563,French
2127563,German
2127575,English
2127843,English
2127886,English
2127926,English
2128046,English
2128569,English
2128890,English
2128957,English
2130340,English
2130342,English
2130419,English
2130468,English
2130504,English
2130832,English
2130889,English
2131017,English
2131031,English
2131225,English
2131334,English
2131430,English
2131430,French
2131430,German
2131675,English
2131729,English
2131729,Hungarian
2132235,English
2132367,English
2133245,English
2133276,English
2133416,English
2133416,Russian
2133500,English
2133798,English
2134027,English
2134027,German
2134027,Japanese
2134055,English
2134055,French
2134058,English
2134388,English
2134453,English
2134924,Cantonese
2135675,English
2136104,English
2136125,English
2136535,English
2136535,Spanish
2137905,English
2137970,English
2138292,English
2138299,English
2138299,Mandarin
2138727,English
2139026,English
2139396,English
2139396,Spanish
2139407,English
2139438,English
2139545,English
2139928,English
2140029,English
2140029,Mandarin
2140049,English
2140074,English
2140461,English
2140530,English
2140712,English
2140806,English
2140811,English
2140922,English
2140999,English
2141139,English
2141230,English
2141230,French
2141393,English
2141461,English
2141703,French
2141961,English
2142487,English
2142714,French
2143749,English
2144390,English
2144547,Swedish
2145409,English
2145603,German
2145699,English
2145942,English
2145942,Japanese
2145942,Korean
2146691,English
2146907,French
2146945,French
2147404,Cantonese
2147404,English
2147404,Japanese
2147519,Italian
2147811,English
2147941,English
2147962,English
2147992,English
2148026,English
2148037,English
2148039,English
2148040,English
2148165,English
2148281,Italian
2148400,English
2148608,English
2148848,English
2148848,French
2148848,Spanish
2149158,English
2150211,English
2150211,French
2150211,German
2150224,English
2151493,English
2151499,English
2151499,Vietnamese
2151740,English
2153014,English
2153110,English
2153283,English
2153421,Tamil
2153457,English
2153998,Italian
2154565,English
2154596,English
2154607,English
2154630,English
2154663,English
2155643,English
2155689,English
2156231,English
2156364,French
2156478,English
2157118,English
2157118,French
2157118,German
2157118,Spanish
2157118,Yiddish
2157273,Italian
2157724,Cantonese
2157724,English
2157724,Gaelic
2158286,French
2159085,English
2159258,English
2159513,English
2159587,English
2159587,French
2160048,English
2160308,English
2160428,English
2160436,English
2160769,English
2161122,English
2161144,English
2161615,Russian
2162013,English
2162013,Italian
2162109,English
2162762,English
2162869,English
2162994,English
2163340,English
2163370,English
2163581,English
2164115,English
2164174,English
2164328,English
2164624,English
2164939,English
2164942,English
2164943,English
2164944,English
2165318,English
2165411,English
2165411,Greek
2165411,Italian
2165411,Turkish
2165624,English
2165627,English
2165666,English
2165721,English
2165765,English
2165832,English
2165832,French
2165832,Hebrew
2165832,Spanish
2165832,Thai
2166642,English
2166642,German
2166642,Spanish
2167372,English
2167489,English
2168103,English
2168109,English
2168207,English
2168282,English
2168361,English
2168361,Italian
2168361,Kuna
2168361,Maya
2168361,Nahuatl
2168361,Spanish
2168361,Tzotzil
2168402,English
2168965,English
2168965,German
2168965,Hungarian
2169199,English
2169865,English
2169876,English
2170415,English
2170415,Russian
2170555,English
2170610,English
2170625,"German - (intertitles)"
2170643,English
2171511,English
2171589,Greek
2171589,Italian
2171762,English
2171907,English
2171907,Portuguese
2171943,English
2172334,English
2172541,French
2172808,English
2172808,Italian
2172829,English
2172829,Maltese
2172947,English
2173027,English
2173027,French
2173296,Danish
2173331,English
2173343,English
2173344,English
2173344,Swahili
2173361,English
2173730,English
2174014,English
2174318,English
2174392,Italian
2174453,English
2174453,"Irish Gaelic"
2174453,Italian
2174453,Yiddish
2174775,English
2174948,French
2175680,English
2176083,Dutch
2176083,English
2176086,"American Sign Language"
2176086,English
2176174,English
2176789,English
2177244,English
2177836,English
2177839,English
2177959,English
2177983,English
2177983,French
2177992,English
2178276,English
2178807,Swedish
2179017,English
2179406,English
2179939,English
2180060,English
2180670,English
2180698,English
2181096,English
2181493,English
2181690,French
2181898,English
2181898,French
2181907,English
2182213,English
2182361,Japanese
2182564,English
2183016,English
2183254,English
2183254,Latin
2183622,English
2183643,English
2183675,English
2183675,Italian
2183726,English
2183726,Italian
2184999,English
2185015,English
2185038,English
2185582,English
2185767,English
2186706,English
2187505,English
2187739,English
2187886,"American Sign Language"
2187886,English
2187957,English
2187965,English
2188028,English
2188074,English
2188117,English
2188295,English
2188332,English
2188440,English
2188458,English
2188547,English
2188553,English
2188633,English
2188696,English
2188708,English
2188768,English
2188978,English
2189533,Spanish
2189721,English
2189721,Mandarin
2189969,English
2190062,English
2190354,English
2190371,English
2190603,English
2190734,English
2190795,English
2190803,English
2190900,English
2190982,English
2191385,English
2191428,English
2191428,Spanish
2191929,English
2191929,Russian
2191997,English
2191997,Polynesian
2192642,English
2192642,French
2192642,Italian
2192654,English
2192733,English
2192747,English
2192782,English
2192913,English
2192973,English
2193169,English
2193264,English
2193276,English
2193388,English
2193407,English
2193422,English
2193422,Spanish
2193721,English
2193721,Romanian
2194143,English
2194153,English
2194168,English
2194362,English
2194362,Russian
2194363,English
2194471,English
2194471,German
2194580,English
2194791,English
2195009,English
2195233,English
2195417,English
2196039,English
2196060,English
2196068,English
2196068,Italian
2196068,Japanese
2196132,English
2196454,Spanish
2196886,English
2196886,French
2197021,French
2197407,German
2199194,English
2199218,English
2199868,English
2199969,English
2200121,English
2201125,English
2201311,Japanese
2201727,English
2202537,English
2202732,English
2202880,English
2204067,English
2204532,English
2205117,German
2205227,English
2205327,French
2206238,English
2206238,French
2206238,Russian
2206242,English
2206516,English
2206541,English
2206541,Inuktitut
2206656,English
2206740,English
2207203,English
2207291,English
2207384,English
2207638,Spanish
2207954,English
2208048,English
2208084,English
2208430,English
2208474,English
2208962,English
2209075,English
2209075,German
2209608,English
2209821,English
2209901,English
2210137,English
2210139,English
2210196,English
2210254,English
2210254,Finnish
2210254,French
2210254,German
2210254,Italian
2210356,English
2210356,French
2210356,German
2210519,English
2210617,English
2210872,English
2210872,French
2210872,Italian
2211077,English
2211223,English
2211282,English
2211336,English
2211395,English
2211751,English
2211751,Russian
2212209,English
2212660,English
2212954,English
2213122,English
2213122,French
2213622,English
2213866,English
2213866,Russian
2214546,English
2216031,English
2216145,English
2216176,English
2216295,English
2216295,Inuktitut
2216316,English
2216640,Italian
2216642,German
2217530,English
2217636,English
2217693,English
2217717,English
2217718,English
2217782,English
2217782,French
2217782,Portuguese
2217888,English
2217888,Spanish
2218486,English
2218524,English
2219070,Spanish
2219442,English
2219779,English
2219779,Spanish
2219992,English
2220554,French
2221102,English
2221102,French
2221102,Portuguese
2222143,English
2222143,Portuguese
2224890,English
2225574,English
2225605,English
2225624,English
2226062,English
2226103,English
2227800,French
2227800,Russian
2228369,English
2228704,English
2228754,English
2229516,English
2229633,English
2229656,English
2229656,German
2229787,English
2230251,English
2230732,English
2230871,English
2230917,English
2231247,English
2231247,French
2231247,Italian
2231307,English
2231336,English
2231336,Maori
2231336,Spanish
2231697,English
2231855,English
2231855,Spanish
2231882,English
2231896,English
2231896,Spanish
2231909,English
2232226,English
2232255,English
2232299,English
2232552,English
2232980,English
2233001,English
2233001,Portuguese
2233552,English
2233552,French
2233759,English
2233759,Spanish
2233885,English
2233885,Italian
2234951,English
2235378,English
2235378,Vietnamese
2235600,Italian
2236433,English
2236640,English
2236888,English
2237013,English
2237801,English
2238427,Italian
2238483,English
2238595,English
2239654,English
2239941,English
2239941,Swahili
2240178,English
2240406,"American Sign Language"
2240406,English
2240516,English
2240516,Japanese
2240566,English
2240566,French
2240566,Korean
2240849,English
2240849,Russian
2240934,English
2240936,English
2241542,English
2241805,English
2242954,English
2243968,English
2244080,English
2244271,English
2244488,English
2244550,English
2245091,English
2245091,Spanish
2245138,English
2245138,German
2245138,Italian
2246004,Italian
2246169,Mandarin
2246675,English
2246675,Spanish
2247345,English
2247366,Dutch
2247366,English
2247366,Japanese
2247366,Malay
2247594,English
2247913,English
2248232,English
2248438,English
2248473,English
2248574,English
2248580,English
2249442,English
2250014,Italian
2250014,Neapolitan
2250495,English
2250593,English
2250599,English
2250599,French
2251093,English
2251197,Bengali
2251241,English
2251241,German
2251241,Latin
2251547,English
2251761,Arabic
2251761,English
2251761,French
2251761,German
2251761,Italian
2251761,Russian
2251833,Arabic
2251833,English
2252075,English
2252158,English
2252158,Italian
2252485,English
2252917,German
2253153,English
2253332,English
2253441,English
2253567,English
2254216,English
2254219,English
2254327,English
2255035,Italian
2255064,Italian
2255064,Spanish
2255408,Japanese
2256004,English
2256605,English
2257031,English
2257033,English
2257129,English
2257265,"American Sign Language"
2257265,English
2257381,English
2257901,English
2257904,English
2257905,English
2257906,English
2258068,English
2258079,English
2258163,English
2258248,English
2258328,English
2258588,English
2258957,Hindi
2258957,Tibetan
2258958,English
2259483,English
2259508,English
2259508,French
2259556,English
2259556,Japanese
2259586,English
2259786,None
2261350,English
2261353,English
2261598,English
2261929,English
2262428,English
2262464,Arabic
2262464,English
2262957,English
2263106,English
2263331,English
2263670,English
2263670,Vietnamese
2263826,English
2264538,English
2264538,Russian
2264592,English
2264592,"German - (dubbed)"
2264815,English
2265148,English
2265148,French
2265148,Italian
2265188,English
2265452,English
2265563,English
2265771,English
2266198,English
2266555,English
2266574,English
2266575,English
2266691,English
2266891,English
2267111,English
2267114,English
2267116,English
2267118,English
2267120,English
2267121,English
2267434,English
2267673,English
2267777,English
2267780,English
2267781,English
2268063,French
2268776,English
2269366,English
2269410,English
2269426,English
2269444,English
2270182,French
2270749,English
2271178,English
2271822,English
2271870,English
2272308,English
2272532,English
2273044,English
2273044,Spanish
2273048,English
2273174,English
2273896,English
2274575,English
2274575,Italian
2274575,Japanese
2274590,English
2274790,English
2274852,English
2274949,English
2275139,English
2275139,Spanish
2275181,English
2275543,English
2275635,English
2275635,Italian
2275635,Spanish
2275709,English
2276353,English
2276841,English
2276914,English
2277269,Ukrainian
2277334,English
2277505,English
2277506,English
2278340,English
2278576,English
2278585,English
2279852,English
2279852,French
2279852,Italian
2279852,Russian
2279852,Spanish
2280097,English
2280098,English
2280101,English
2280125,English
2280126,English
2280376,English
2280997,English
2281105,English
2281160,English
2281612,English
2282360,English
2282360,French
2285138,English
2285139,English
2285647,English
2285997,English
2286681,English
2287637,English
2288084,English
2288257,English
2288625,English
2288828,Arabic
2288828,English
2288828,German
2288828,Hebrew
2288828,Nepali
2288828,Spanish
2288908,English
2288969,English
2289039,English
2289039,Italian
2289215,English
2289279,English
2289300,English
2290129,English
2290129,Russian
2290136,English
2290136,Vietnamese
2290316,Japanese
2290489,English
2290562,Persian
2290793,English
2291501,English
2291903,English
2291903,Italian
2291903,Spanish
2291903,Washoe
2291994,English
2292109,English
2292470,English
2292470,German
2292610,English
2292773,English
2292920,English
2293200,English
2293416,English
2293483,Italian
2293500,English
2293500,French
2293587,English
2293915,English
2294497,English
2294497,Mandarin
2294518,English
2294518,Russian
2294518,Spanish
2294990,English
2295106,English
2295575,English
2295575,French
2295575,German
2295575,Russian
2296145,French
2296438,English
2296667,English
2296892,Polish
2296987,English
2297049,English
2297404,English
2297836,English
2298189,English
2298460,English
2298603,English
2298717,English
2298804,English
2299047,English
2299492,English
2299492,Latin
2299646,English
2299999,English
2300104,English
2300162,English
2300162,French
2300333,English
2300333,Italian
2300351,English
2300354,English
2300450,English
2301689,English
2301991,English
2302051,English
2302418,English
2302526,English
2302661,French
2303621,English
2303953,English
2304264,English
2304330,English
2304330,German
2305025,English
2305025,Latin
2305197,English
2305466,English
2305587,English
2305931,English
2305974,English
2305976,English
2306194,English
2306197,English
2306201,English
2306201,Japanese
2307015,English
2307071,English
2307228,English
2307246,English
2307247,English
2307248,English
2307248,Russian
2307289,English
2307534,English
2307985,English
2308229,English
2308229,German
2308229,Italian
2308305,English
2308305,French
2308476,English
2308476,Spanish
2308720,English
2308725,English
2308730,Chinese
2308730,English
2308758,English
2308889,English
2308889,German
2308889,Japanese
2308889,Portuguese
2308889,Vietnamese
2308916,English
2309076,English
2309076,French
2309076,Russian
2309334,English
2309427,English
2309617,English
2310074,English
2310119,English
2310159,English
2310222,French
2310236,English
2310265,Dutch
2310722,English
2310724,English
2310851,German
2310980,English
2311011,English
2311879,English
2311916,English
2312022,English
2312022,Spanish
2312345,Arabic
2312345,English
2312692,English
2312692,Japanese
2312819,English
2312852,English
2312897,English
2313093,English
2313464,Cantonese
2313464,English
2313464,Japanese
2313519,English
2313519,Latin
2313912,English
2314869,English
2315269,English
2316009,English
2316029,English
2316046,English
2316046,French
2316049,English
2316049,French
2316115,English
2316115,Italian
2316742,English
2316800,English
2316801,English
2318730,English
2318730,Portuguese
2318736,Arabic
2318736,French
2319753,Arabic
2319753,French
2321221,French
2321373,English
2321444,English
2321525,English
2321649,Spanish
2322051,English
2322051,Zulu
2323351,English
2324074,English
2324074,French
2324123,Czech
2324123,English
2324123,French
2324123,German
2324198,English
2324198,French
2324198,Serbo-Croatian
2324383,English
2325153,English
2325529,English
2325646,German
2325897,English
2325897,German
2325897,Hebrew
2325936,English
2325936,French
2325936,Italian
2325936,Japanese
2325949,German
2326309,English
2327740,English
2327746,English
2327747,English
2327816,English
2328405,English
2328488,English
2328882,English
2329335,English
2329715,English
2330057,English
2330057,French
2330057,German
2330470,English
2332489,English
2332489,Spanish
2333344,English
2333494,English
2333494,French
2333527,English
2334512,English
2334625,English
2334625,Italian
2334625,Spanish
2334876,"American Sign Language"
2334876,English
2335038,English
2335264,French
2335400,English
2335431,English
2335622,English
2335622,German
2335622,"Hindi - (part)"
2335622,Mandarin
2335622,Tibetan
2336864,English
2337754,English
2338199,English
2338375,English
2338484,English
2338685,English
2338707,English
2338708,English
2338708,German
2338708,Spanish
2338711,English
2338714,English
2338941,English
2338963,English
2339096,English
2339096,French
2339103,Japanese
2339111,English
2339246,English
2339347,English
2339477,English
2339477,Mandarin
2339477,Sioux
2339477,Spanish
2339491,English
2340287,English
2341003,English
2341046,English
2341100,English
2341160,English
2341171,English
2341171,French
2341509,French
2341509,Georgian
2341509,Russian
2342997,English
2344403,English
2344573,English
2344675,English
2345354,English
2345742,Cantonese
2346707,Persian
2346713,English
2346713,Filipino
2346713,Tagalog
2346939,English
2348226,English
2349123,English
2349163,English
2349269,English
2349430,English
2349430,French
2349784,Arabic
2349784,English
2350234,English
2350339,English
2350378,English
2350992,English
2351245,English
2351246,English
2351693,English
2351693,German
2351717,English
2351845,English
2351885,English
2351904,English
2351925,English
2352948,English
2353641,English
2353781,English
2353895,English
2353900,English
2354011,English
2354219,English
2354226,English
2354247,English
2354271,English
2354392,English
2354396,English
2354438,English
2354464,English
2354464,Latin
2354674,English
2354792,English
2354959,English
2355275,English
2355276,English
2355303,English
2355555,English
2355625,English
2355661,English
2355719,English
2355719,Spanish
2355904,English
2356134,English
2356134,Inuktitut
2356224,English
2356287,English
2356460,French
2356755,English
2357080,Chinese
2357080,English
2357080,Russian
2357240,English
2357424,English
2357437,English
2357437,German
2357437,Japanese
2357543,English
2357676,English
2357807,English
2357857,English
2357857,Russian
2358317,English
2358980,English
2359014,English
2359470,English
2359505,Spanish
2359625,English
2360108,English
2360108,Spanish
2360397,German
2360397,Russian
2360614,English
2360660,English
2360675,English
2360702,English
2360702,"Irish Gaelic"
2360833,English
2360852,English
2360910,English
2360910,Serbian
2360973,English
2361193,English
2361211,English
2361281,English
2361284,English
2361450,English
2361456,English
2361575,English
2361748,English
2361778,English
2361784,English
2361785,English
2362113,English
2362207,English
2362428,English
2363015,English
2363015,French
2363015,German
2363015,Polish
2363015,Russian
2363269,English
2363270,English
2363738,English
2363756,English
2364254,English
2364486,English
2364486,French
2364498,English
2364887,Spanish
2364949,English
2364949,Spanish
2365078,English
2365142,English
2365297,English
2365518,English
2365633,English
2365831,English
2365844,English
2365920,English
2366246,English
2366248,English
2366368,English
2366403,English
2366408,"American Sign Language"
2366408,English
2366649,English
2366980,English
2367023,English
2367832,English
2367832,Swedish
2367921,English
2367930,English
2369177,English
2369317,English
2369317,French
2369317,Spanish
2369519,English
2369623,English
2370089,English
2370348,English
2370423,English
2370472,English
2370704,English
2370704,German
2370704,Russian
2370742,German
2370742,Russian
2370772,Russian
2371052,English
2371246,English
2371502,English
2371509,English
2371509,Spanish
2371602,English
2371602,Klingon
2371602,Russian
2371603,English
2371603,Finnish
2371610,English
2371610,Klingon
2371611,English
2371611,Klingon
2371648,English
2371651,English
2371651,Klingon
2371654,English
2371692,English
2371692,Klingon
2371705,English
2371726,English
2371778,English
2371786,English
2371787,English
2372012,English
2372068,English
2372234,English
2372328,English
2372407,English
2373106,English
2373212,English
2373221,English
2373241,English
2373241,French
2373241,German
2373241,Italian
2373241,Spanish
2373256,English
2373364,English
2373434,English
2373470,English
2373573,French
2373573,Italian
2373941,English
2374542,English
2374584,Aramaic
2374584,"Assyrian Neo-Aramaic"
2374584,English
2374584,Italian
2374584,Portuguese
2374677,English
2374686,English
2375093,English
2375659,English
2375749,English
2375846,English
2375950,English
2376295,English
2376295,Italian
2376870,English
2377049,English
2377127,English
2377127,Hungarian
2377173,English
2377282,English
2377282,French
2377877,English
2377877,Japanese
2378398,English
2378535,English
2378594,English
2378750,English
2378750,Polish
2378750,Russian
2378853,English
2379184,Dutch
2379184,English
2379192,English
2380109,English
2380932,English
2380949,English
2380982,English
2381332,English
2381528,English
2381959,English
2382368,English
2382368,Italian
2382687,Japanese
2383252,English
2383280,English
2383305,English
2383350,English
2383350,French
2383956,English
2384304,Spanish
2384418,English
2384520,English
2384532,English
2384532,French
2384532,Russian
2384535,English
2384535,Italian
2384535,Spanish
2384536,English
2384536,French
2384536,Italian
2384536,Russian
2384735,English
2385207,English
2385744,English
2385772,English
2386139,English
2386293,English
2387087,English
2387903,English
2388125,English
2388316,English
2388445,English
2388540,English
2388613,English
2388702,English
2388790,English
2388990,English
2389414,English
2390303,Norwegian
2390631,English
2390631,Italian
2390996,English
2391515,Persian
2392001,English
2392001,"Irish Gaelic"
2392533,English
2393241,English
2393853,English
2393856,English
2393876,English
2393957,English
2394155,English
2394155,Spanish
2394206,English
2394293,English
2394728,Japanese
2395044,Spanish
2395255,English
2395942,English
2395953,English
2396028,Bengali
2396028,Hindi
2396330,English
2396366,English
2396390,English
2397128,English
2397128,Spanish
2397272,English
2397663,English
2397663,Italian
2397781,English
2398900,English
2398900,French
2398907,English
2398908,English
2400037,English
2400056,English
2400921,English
2401353,French
2401441,English
2401441,Spanish
2401724,English
2401750,English
2401750,Spanish
2401814,English
2402234,English
2402234,Spanish
2402490,English
2402836,Japanese
2402907,English
2403659,English
2403807,English
2403883,English
2404002,English
2404248,English
2404464,Danish
2404464,English
2404464,"Norse, Old"
2404464,Swedish
2404844,English
2405097,English
2405559,English
2405780,English
2405818,English
2405835,English
2405972,English
2406080,English
2406092,English
2406259,English
2406308,English
2406458,English
2406458,Italian
2406464,English
2406464,Filipino
2406475,English
2406479,English
2406492,English
2406749,English
2406749,German
2406749,Swahili
2406808,English
2406910,English
2407102,English
2407115,English
2407308,English
2407502,English
2407502,"French - (Dialogue between Sydney and French President at State Dinner)"
2407577,English
2408078,English
2408096,English
2408133,English
2408166,English
2408167,English
2408389,English
2408482,English
2408762,English
2408977,English
2408977,German
2409051,English
2409070,English
2409105,English
2409402,English
2409655,English
2409708,English
2409717,English
2409764,English
2409764,Spanish
2409949,English
2410182,English
2410273,English
2410273,French
2410338,English
2410484,English
2410667,English
2410686,English
2410691,English
2410916,English
2410977,English
2411034,English
2411215,English
2411361,English
2411492,English
2411762,English
2411839,English
2412295,English
2412397,English
2412502,English
2412514,English
2412514,Swedish
2412518,English
2412518,Spanish
2412620,English
2412638,English
2412676,English
2412686,English
2412740,English
2412859,English
2412879,English
2412918,English
2412945,English
2413158,English
2413168,English
2413457,English
2413536,English
2413799,English
2413948,English
2414050,English
2414153,English
2414225,English
2414400,English
2414419,English
2414571,English
2414595,English
2414767,English
2414767,Papiamento
2414767,Spanish
2414877,English
2415240,English
2415427,English
2415482,English
2415512,English
2415560,English
2415703,English
2415723,English
2415946,English
2415946,German
2415964,English
2415964,Japanese
2415964,Thai
2415971,English
2416139,English
2416189,English
2416319,English
2416319,Spanish
2416380,English
2416410,English
2416504,English
2416982,"English - (intertitles)"
2417002,English
2417211,None
2417216,English
2417216,French
2417640,English
2418230,English
2418253,English
2418326,English
2418525,English
2418557,English
2418562,English
2418704,English
2418726,English
2419706,English
2419797,None
2419835,English
2419930,English
2419964,English
2420111,English
2420229,English
2420761,English
2420795,English
2420795,Spanish
2421052,English
2421210,English
2421254,English
2421254,French
2421550,English
2421643,English
2421720,English
2421914,Cantonese
2421914,English
2422396,English
2422513,English
2422513,French
2422712,English
2422712,Spanish
2422818,English
2422979,English
2422996,English
2423002,English
2423004,English
2423044,English
2423061,English
2423072,English
2423104,English
2423139,English
2423315,English
2423437,English
2423557,English
2423557,French
2424023,English
2424038,English
2424563,English
2424563,Russian
2424628,English
2424777,English
2424777,Russian
2425159,English
2425160,English
2425205,English
2425222,English
2425222,French
2425222,Russian
2425222,Vietnamese
2425640,English
2425835,English
2425880,English
2425936,English
2425936,German
2425936,Italian
2425936,Mandarin
2425936,Spanish
2425966,English
2426074,English
2426553,English
2426553,French
2426553,German
2426553,Latin
2426553,Spanish
2426757,English
2427282,English
2427355,English
2427591,Dutch
2427591,English
2427591,German
2428475,English
2428555,English
2428578,English
2428775,English
2428934,English
2428934,Portuguese
2429043,English
2429253,English
2429253,Spanish
2429270,English
2429271,English
2429381,English
2429382,English
2429495,Arabic
2429495,English
2429495,German
2429495,Italian
2429506,English
2429962,English
2430234,English
2430234,French
2430234,German
2430234,Greek
2430236,English
2430482,English
2430658,English
2430810,English
2430959,English
2431294,English
2431294,Spanish
2431451,"English - (intertitles)"
2431691,English
2431715,English
2432016,English
2432049,English
2432049,Swedish
2432285,English
2432392,English
2432424,English
2432757,English
2433039,English
2433086,English
2433193,English
2433193,French
2433193,Italian
2433314,English
2433445,English
2433450,English
2433612,English
2433612,French
2433613,English
2433626,English
2433700,English
2433734,English
2434036,English
2434412,English
2434561,English
2434561,French
2434664,English
2434795,English
2434795,Spanish
2434818,English
2434846,English
2434846,Italian
2434873,English
2434963,English
2435197,Cantonese
2435197,English
2435197,German
2435394,English
2435509,English
2435520,English
2435620,English
2435625,English
2435625,French
2435625,Italian
2435697,English
2435713,English
2435881,English
2435972,English
2435974,English
2435997,English
2436084,English
2436288,English
2437007,English
2437039,English
2437062,English
2437170,English
2437277,English
2437277,Italian
2437277,Latin
2437299,English
2437299,Italian
2437299,Latin
2437299,Sicilian
2437299,Spanish
2437300,English
2437300,Italian
2437300,Latin
2437320,Afrikaans
2437320,English
2437320,Ungwatsi
2437321,Afrikaans
2437321,English
2437321,Ungwatsi
2437383,"English - (on-screen text) (no dialogue)"
2437434,English
2437452,English
2437630,Arabic
2437630,English
2437728,English
2437803,English
2437961,English
2437961,Japanese
2437988,Cantonese
2437988,English
2437988,Italian
2437988,Spanish
2438101,English
2438147,English
2438272,English
2438279,English
2438541,English
2438541,Esperanto
2438568,English
2438568,French
2438568,German
2438568,Russian
2438716,English
2438760,English
2438760,French
2438760,German
2438760,Italian
2438765,English
2438827,English
2438866,English
2438986,English
2439001,English
2439154,English
2439154,Russian
2439306,English
2439306,French
2439451,English
2439616,English
2439860,English
2439860,German
2439860,Greek
2440155,English
2440247,English
2440300,English
2440730,English
2440732,English
2440733,English
2441467,English
2441476,English
2441559,English
2441791,English
2441957,English
2441957,Spanish
2442181,English
2442666,English
2442759,English
2442836,English
2443071,English
2443099,English
2443099,Spanish
2443201,English
2443201,Spanish
2443214,English
2443380,English
2443380,Latin
2443403,English
2443509,English
2443509,Russian
2443522,English
2443522,Japanese
2443624,English
2443655,English
2443779,English
2443864,English
2444103,English
2444128,English
2444223,English
2444273,English
2444351,English
2444539,English
2444638,English
2444642,English
2444704,Arabic
2444704,English
2444704,Japanese
2444722,English
2445189,English
2445248,English
2445287,English
2445390,English
2445390,Indonesian
2445527,English
2445527,Russian
2445594,English
2445757,English
2445763,English
2445832,Arabic
2445832,English
2445853,English
2446143,English
2446151,English
2446203,Cantonese
2446203,English
2446203,Mandarin
2446248,English
2446368,English
2446369,English
2446421,English
2446494,English
2446494,Japanese
2446501,English
2446644,English
2446644,Korean
2446778,English
2446782,English
2446984,English
2446984,Spanish
2447022,English
2447027,"Central Khmer"
2447027,English
2447027,French
2447027,Russian
2447082,English
2447114,English
2447163,English
2447163,Thai
2447164,English
2447248,English
2447823,English
2447864,English
2447864,German
2448078,English
2448577,English
2448577,German
2448577,Hungarian
2448585,English
2448629,English
2448671,English
2448671,Japanese
2448671,Mandarin
2448671,Russian
2448908,English
2448908,Polish
2448908,Russian
2448908,Yiddish
2449148,English
2449330,English
2449449,English
2449498,English
2449525,English
2449530,English
2449729,English
2449747,English
2449747,French
2449747,Mohawk
2450038,English
2450051,English
2450102,English
2450394,English
2450589,English
2450945,English
2451008,English
2451328,English
2451386,English
2451456,English
2451456,Swahili
2451456,Zulu
2451832,English
2451897,English
2451897,Hindi
2451910,English
2451959,English
2452304,English
2452580,English
2452617,English
2452719,English
2452768,English
2452768,French
2452768,German
2452910,English
2452910,Sindarin
2452938,English
2452983,English
2453256,English
2453256,French
2453314,English
2453333,English
2453333,Spanish
2453494,English
2453747,English
2453777,English
2454098,English
2454234,English
2454636,English
2454636,Spanish
2455724,English
2456019,English
2456020,English
2456020,German
2456020,Italian
2456021,Arabic
2456021,English
2456021,French
2456181,English
2456218,English
2456265,English
2456292,English
2456555,English
2456557,English
2456585,English
2456586,English
2456586,Thai
2456637,English
2456741,English
2456944,English
2456944,Spanish
2457168,English
2457168,"Swedish - (deleted scene)"
2457188,English
2457234,English
2457234,Latin
2457384,English
2457395,English
2457441,English
2457464,English
2458438,English
2458457,English
2458634,English
2458858,English
2458984,English
2459227,English
2459227,Guarani
2459369,English
2459443,English
2459538,English
2459856,English
2459856,French
2459965,English
2459965,Spanish
2460382,Arabic
2460382,English
2460382,French
2460383,English
2460384,Arabic
2460384,"Egyptian (Ancient)"
2460384,English
2460402,English
2460402,French
2460404,English
2460406,English
2460410,English
2460419,English
2460422,English
2460432,English
2460492,English
2461007,English
2461085,English
2461086,English
2461096,English
2461289,English
2461385,English
2461485,English
2461549,English
2461598,English
2461598,Spanish
2461620,English
2461621,English
2461650,English
2462106,English
2462112,English
2462153,English
2462177,English
2462304,English
2462408,English
2462515,English
2462595,English
2462595,French
2462595,Latin
2462595,Portuguese
2462595,Spanish
2462958,English
2462959,English
2463037,English
2463128,English
2463129,English
2463129,Spanish
2463153,English
2463153,German
2463462,English
2463620,English
2463622,English
2463624,English
2463624,Italian
2463624,Latin
2463946,English
2463946,Polish
2463959,English
2464197,English
2464545,English
2464635,English
2464684,English
2464684,Spanish
2464699,English
2464699,Navajo
2464699,Spanish
2464777,English
2464994,English
2465091,English
2465142,English
2465145,English
2465208,English
2465224,English
2465279,English
2465320,English
2465321,English
2465321,French
2465773,English
2465823,English
2465893,Bosnian
2465893,Croatian
2465893,English
2465893,Russian
2465893,Serbian
2465999,English
2466152,English
2466194,English
2466403,English
2466489,English
2466584,English
2466643,English
2466782,English
2466782,French
2466916,"British Sign Language"
2466916,English
2466916,Maori
2467141,Cantonese
2467141,English
2467141,French
2467141,Italian
2467141,Japanese
2467141,Mandarin
2467591,English
2467606,English
2467993,English
2468093,English
2468205,English
2468205,Italian
2468209,English
2468209,Hebrew
2468266,English
2468270,English
2468555,English
2468663,English
2469053,English
2469053,Hebrew
2469075,English
2469104,English
2469496,English
2469496,German
2469602,English
2469602,German
2469755,English
2469815,English
2469819,English
2469819,French
2470056,English
2470130,English
2470287,Afrikaans
2470287,English
2470444,English
2470520,English
2470520,Spanish
2470557,English
2470557,"Irish Gaelic"
2470575,English
2470769,English
2470910,English
2471102,English
2471175,English
2471217,English
2471265,English
2471265,Italian
2472087,English
2472244,English
2472260,English
2472292,English
2472292,French
2472292,German
2472391,Cantonese
2472391,English
2472393,"American Sign Language"
2472393,English
2472465,English
2472467,English
2472800,English
2472807,English
2473007,English
2473215,English
2473215,Russian
2473304,English
2473585,English
2473638,"American Sign Language"
2473638,English
2473798,English
2473917,English
2474020,English
2474065,English
2474100,English
2474705,English
2474742,English
2474783,English
2474888,English
2475103,English
2475166,English
2475166,Russian
2475195,English
2475387,English
2475423,English
2475423,Spanish
2475680,English
2475682,English
2475939,English
2476119,English
2476119,German
2476201,English
2476233,English
2476233,Navajo
2476233,Spanish
2476335,English
2476415,English
2476422,English
2476484,English
2476743,English
2476750,English
2476750,"Irish Gaelic"
2477259,English
2477403,English
2477524,English
2477525,English
2477653,English
2477732,Arabic
2477732,English
2477732,French
2477894,English
2477986,English
2478017,English
2478105,English
2478286,Arabic
2478286,English
2478286,Spanish
2478414,English
2479024,English
2479029,English
2479085,English
2479134,English
2479393,English
2479418,English
2479771,English
2479771,French
2479771,Spanish
2479989,"English - (intertitles)"
2480294,English
2480499,English
2480572,English
2480579,English
2480764,English
2480924,English
2481073,Arabic
2481073,English
2481073,Italian
2481424,English
2481584,English
2481636,English
2481665,English
2482169,English
2482169,Italian
2482282,English
2482834,English
2482876,English
2482887,English
2482925,English
2482984,English
2483077,English
2483187,English
2483187,Navajo
2483470,English
2483519,English
2483674,English
2483838,English
2483838,Spanish
2483957,English
2483957,Italian
2484054,English
2484082,English
2484082,French
2484082,Spanish
2484104,English
2484656,English
2484656,Spanish
2484852,English
2484853,English
2484924,English
2485001,English
2485008,English
2485013,English
2485013,Greek
2485013,Japanese
2485013,"Tok Pisin"
2485015,English
2485015,Norwegian
2485041,English
2485156,English
2485156,German
2485156,Russian
2485163,English
2485237,English
2485256,English
2485257,English
2485257,French
2485257,German
2485257,Polish
2485327,English
2485327,Portuguese
2485327,Spanish
2485393,English
2485547,English
2485620,English
2485682,English
2485831,"American Sign Language"
2485831,English
2485971,English
2486246,English
2486283,English
2486285,English
2486286,English
2486655,English
2486655,Japanese
2486817,English
2486817,Spanish
2487055,English
2487095,English
2487210,English
2487295,English
2487366,English
2487415,English
2487653,English
2487726,English
2487726,Russian
2487884,English
2488034,English
2488227,English
2488375,English
2488990,English
2489145,English
2489145,French
2489145,Hungarian
2489145,Spanish
2489362,English
2489534,English
2489627,English
2489677,English
2490074,English
2490655,English
2490779,English
2490945,English
2490998,English
2491016,English
2491020,English
2491068,English
2491068,Spanish
2491248,English
2491349,English
2491493,English
2491493,French
2491565,English
2491565,Spanish
2491802,English
2491830,English
2492491,English
2492491,French
2492491,Spanish
2492509,English
2492644,English
2492725,English
2492725,Spanish
2492771,English
2493094,English
2493184,English
2493193,English
2493239,English
2493444,English
2493503,English
2493709,English
2493775,English
2493775,French
2493900,English
2494140,English
2494140,Russian
2494739,English
2494739,Italian
2494787,English
2494814,English
2494890,English
2494890,Spanish
2494910,English
2494924,English
2494924,Filipino
2494924,Indonesian
2494924,Tagalog
2495198,English
2495779,English
2495820,English
2496353,English
2496608,English
2496767,English
2496783,English
2496840,English
2497211,English
2497211,Italian
2497303,English
2497412,English
2497499,"Creoles and pidgins - (Jamaican Patois)"
2497499,English
2497612,English
2497612,French
2498040,English
2498143,English
2498578,English
2498766,English
2499368,English
2499368,French
2499488,Arabic
2499488,English
2499704,English
2499704,Vietnamese
2499854,English
2499970,English
2500022,English
2500735,English
2500886,English
2500886,French
2500912,English
2501253,Mandarin
2501343,Mandarin
2502098,French
2502098,Spanish
2502334,English
2502501,English
2502501,Karaja
2502501,Portuguese
2503087,English
2503124,Italian
2503342,English
2503584,English
2503810,English
2503827,English
2504015,English
2504449,English
2504464,Basque
2504464,English
2504464,French
2504464,Spanish
2504469,English
2504469,French
2504469,German
2504469,Italian
2504469,Russian
2504469,Swedish
2504794,English
2504794,Latin
2504995,English
2504995,German
2505066,English
2505066,French
2505091,English
2505110,English
2505183,English
2505263,English
2505515,English
2505595,English
2505595,French
2505595,Italian
2506826,Spanish
2507383,Japanese
2507620,English
2507690,English
2507787,English
2508020,English
2508020,Latin
2508085,English
2508103,English
2508265,Cantonese
2508265,Danish
2508265,English
2508265,German
2508265,Mandarin
2509455,English
2509481,English
2509481,Italian
2509643,English
2509643,French
2509643,Russian
2509643,Spanish
2509799,English
2509799,French
2509799,German
2509799,Italian
2509799,Japanese
2509841,English
2509841,Japanese
2510141,English
2510141,German
2510141,Norwegian
2510141,Swedish
2510661,English
2510683,English
2511051,English
2511131,English
2511131,Spanish
2511307,English
2511419,Wolof
2512048,English
2512050,Arabic
2512050,English
2512132,English
2512542,English
2513057,English
2513082,French
2513082,German
2513237,English
2513519,English
2514865,English
2514980,Italian
2515489,English
2515573,English
2515573,Klingon
2516147,English
2516166,English
2516358,English
2516406,English
2517067,English
2517305,English
2517391,English
2517414,English
2517414,French
2517414,Polish
2517414,Russian
2517415,French
2517416,French
2517491,French
2518007,English
2518007,German
2518007,Italian
2518007,Russian
2518007,Spanish
2518391,English
2518423,English
2518451,Arabic
2518451,English
2518451,German
2518541,English
2518541,Italian
2518736,English
2518905,English
2519338,Japanese
2520062,English
2520062,Mandarin
2520326,English
2520706,English
2520712,English
2520896,English
2521170,English
2521605,"English - (intertitles)"
2521652,English
2521652,French
2521851,English
2521986,English
2522004,English
2522027,English
2522182,English
2522318,English
2522447,English
2522562,English
2522618,English
2522651,English
2522674,English
2522758,English
2522948,English
2522957,English
2523180,English
2524414,English
2524549,English
2524549,German
2524640,English
2524696,English
2525819,English
2525874,Italian
2527825,English
2527825,French
2528355,French
2528406,French
2528406,Russian
2529538,English
2529538,Romanian
2531186,German
2531311,English
2531457,English
2531457,Italian
2531460,English
2531488,English
2531488,Italian
2531488,Spanish
2531770,English
2532030,English
2532030,French
2532030,German
2532030,Russian
2532030,Serbian
2532198,"English - (Intertitles)"
2532812,French
2533425,English
2533425,Spanish
2533451,English
2533461,English
2533625,English
2533992,English
2533997,English
2534991,English
2536738,English
2536827,English
2537109,English
2537149,English
2537149,Spanish
2537704,English
2537710,English
2537793,English
2538575,French
2538575,Russian
2539567,English
2540772,English
2540794,English
2540794,Latin
2541368,English
2541694,English
2542489,English
2542878,English
2543337,English
2544143,English
2544156,English
2544531,English
2544594,English
2545159,French
2545159,Portuguese
2545380,English
2545754,English
2545754,French
2547352,English
2547353,English
2547971,English
2548449,English
2548478,English
2548478,Russian
2550559,English
2550559,German
2550559,Spanish
2550858,English
2551701,English
2551718,English
2551718,French
2553800,English
2554203,English
2554361,English
2554662,English
2554662,"Irish Gaelic"
2554662,Latin
2554699,English
2554996,"Aboriginal - (Yolngu Languages)"
2554996,English
2555100,English
2555555,English
2556055,English
2556271,English
2556792,English
2557229,English
2558123,English
2558138,English
2558441,Cantonese
2558441,English
2558443,Cantonese
2558443,English
2559217,English
2559249,English
2559249,French
2559249,Latin
2559529,English
2559855,English
2560159,English
2560564,Bosnian
2560564,English
2560564,Serbian
2560598,English
2560616,English
2561165,English
2561419,Arabic
2561419,French
2561516,English
2561516,Spanish
2561802,English
2562193,English
2562411,English
2562421,English
2562421,German
2562422,English
2562503,English
2562822,English
2562929,English
2563410,English
2563451,English
2563697,English
2563697,French
2563736,English
2564194,English
2564560,English
2564828,English
2564953,English
2565487,English
2565487,German
2565814,English
2565851,English
2565873,English
2565985,English
2566203,English
2566262,English
2566626,English
2566895,English
2566918,English
2567049,English
2567099,Danish
2567099,English
2567099,Spanish
2567258,English
2567467,English
2567890,English
2567890,Latin
2567890,Spanish
2567937,English
2567991,Filipino
2567991,Tagalog
2568399,English
2568931,English
2569037,English
2569037,"Irish Gaelic"
2569556,English
2569583,Cantonese
2569583,English
2569583,Sioux
2569814,English
2569814,French
2569814,Italian
2569938,English
2570013,English
2570133,English
2570785,English
2570825,English
2570825,French
2570825,German
2571171,English
2571296,English
2571358,English
2571413,English
2571635,English
2572280,English
2572301,English
2572478,English
2572635,English
2572655,English
2572675,English
2572978,English
2572978,Latin
2573045,English
2573045,Finnish
2573045,German
2573168,English
2573168,German
2573677,English
2573677,Spanish
2574016,English
2574016,Portuguese
2574613,English
2574729,English
2574730,English
2574824,English
2575313,English
2576718,English
2576852,Mandarin
2577062,Mandarin
2577075,English
2577075,Spanish
2577314,English
2577428,English
2578162,Vietnamese
2578330,Mandarin
2578346,Mandarin
2578392,Mandarin
2579662,Afrikaans
2579662,English
2579702,Mandarin
2580276,English
2580619,English
2581228,Mandarin
2581428,French
2581428,Mandarin
2581836,Spanish
2582703,English
2582703,Russian
2582995,English
2583382,English
2583601,English
2583633,English
2583633,German
2583695,English
2583701,English
2583966,English
2584115,English
2584311,English
2585064,Japanese
2585507,Japanese
2586057,English
2586756,German
2586756,Polish
2587077,English
2587077,Macedonian
2587740,Russian
2587740,Spanish
2587786,English
2587976,English
2590181,English
2591814,English
2592334,English
2592334,German
2592334,Spanish
2592963,French
2593112,English
2593112,German
2593112,Icelandic
2593112,Japanese
2593313,Spanish
