"Ball, Ray (I)"
"Alexander, Jace"
"Alexander, Matt (I)"
"Berke, Ed"
"Bjørnsson, Fredbjørn"
"Gioia, James"
"Brown, Nick (IV)"
"Benfield, John"
"Balsam, Martin"
"Aiello, Danny"
"Beneyton, Yves"
"Ardavany, Tom"
"Affleck, Ben"
"Ashley, John (III)"
"Balaban, Bob"
"Baxter, John (II)"
"Anagnos, Bill"
"Ackler, Joseph"
"Bonds, De'aundre"
"Hwang, Sin-Hye"
"Bartko, Philip"
"Andrews, Jason (I)"
"Jones, Shirley (I)"
"Anderson, Darius"
"Alexander, Paul (I)"
"Bogachov, Vladimir"
"Amico, Robert"
"Allain-Marcus, Wade"
"Anannlin, Macky"
"Alazraqui, Carlos"
"Ameche, Don"
"Braham, Lionel"
"Anaya, Yano"
"Anderson III, Haskell V."
"Bates, Michael (I)"
"Sallis, Peter"
"Bass, Ben"
"Benoit, Dylon"
"Astaire, Fred"
"Bertin, Gaston"
"Bess, Big Jeff"
"Adams, Ernie (II)"
"Anderson, Miles (I)"
"Cooper, Gary (I)"
"Bacon, Kevin (I)"
"Ashton, Al"
"Ball, Seamus"
"Connery, Sean"
"Allwine, Wayne"
"Allen, Henry 'Red'"
"Beatles, The"
"Ackland, Joss"
"Arden, Robert (I)"
"Blakeslee, Douglas"
"Alexander, Mo"
"Chaykin, Maury"
"Billing, Roy"
"Azizi, Rahi"
"Bofshever, Michael"
"Blakely, Colin"
"Ashe, Paddy"
"Bourgeois, John (I)"
"Accardo, Tommaso"
"Addy, Wesley"
"Cartier, Carlo"
"Bannon, Chad"
"Allen, Ronald"
"Adams, Ash (I)"
"Cavett, Dick"
"Beckman, John (II)"
"Bell, Marshall"
"Armstrong, Ron"
"Baker, Don (X)"
"Ambrozy, Bill"
"Ammons, Christopher Reagan"
"Brasselle, Keefe"
"Dane, Shelton"
"Allore, Jonathan"
"Dixon, Ivan"
"Adamson, Chuck"
"Callow, Simon"
"Abrams, Solomon"
"Baker, Don Henderson"
"Campbell, Alan (II)"
"Abou-Ganim, Tony"
"Allen, Woody"
"Ashley, David (I)"
"Devine, Andy (I)"
"Bond, Rudy"
"Bell, Michael (I)"
"Anderson, Kevin (I)"
"Epstein, Julius"
"Ballou, Howard"
"Applebaum, Bill (I)"
"Aponte, Jose"
"Ackridge, Bill"
"Amendolia, Don"
"Andrews, Dana (I)"
"Armstrong, Neil (I)"
"French, Charles K."
"Beecher, Donal (I)"
"Alldredge, Michael"
"Bailey, David (III)"
"Barray, Gérard"
"Campbell, John Lyle"
"Adonis, Frank"
"Akinnuoye-Agbaje, Adewale"
"Arthur, Robert (I)"
"Bower, Tom (I)"
"Boyden, Peter"
"Barry, Ivor"
"Abercrombie, Ian"
"Benazzo, Maurizio"
"Davis, Darrell (I)"
"Aarons, Allan"
"Adams, Steve (I)"
"Agostino, Salvatore"
"Bower, Stone"
"Adams, Peter (V)"
"Arcand, Gabriel"
"Fuji, Tatsuya"
"Chen, Chao-jung"
"Baumhauer, Falk"
"Adam, Acram"
"Adams, Jonathan (II)"
"Barringer, Daniel W."
"Alvear, Pablo (I)"
"Anderson, Sam (I)"
"Abdul-Jabbar, Kareem (I)"
"Adams, Arthur (I)"
"Bissell, Whit"
"Akimoto, Yôsuke"
"Adler, Charles (I)"
Agee
"Appel, Travis (I)"
"Boyer, Charles (I)"
"Amalric, Mathieu"
"Barclay, Don"
"Badejo, Bolaji"
"Assenza, Tony (I)"
"Alvarez, Abraham"
"Bastens, Robert"
"Biehn, Michael"
"Antunes, Nuno (I)"
"Borden, Eugene"
"Carr, John K."
"Borgnine, Ernest"
"Andrews, A. Russell"
"Alexander, Ben (I)"
"Agress, Harry"
"Burke, Walter (I)"
"Anders, Dan (I)"
"Kiefer, Laurel Lee"
"Boucher, Philip"
"Alquist, Jim"
"Amedori, John Patrick"
"Aguilar, George (I)"
"Constantine, Eddie"
"Atwater, Barry"
"Hicks, Seymour"
"Abraham, F. Murray"
"Alexander, Terry (I)"
"Anderson, Dennis (II)"
"Franz, Dennis (I)"
"Jackson, Jesse (I)"
"Ahern, Pat"
"Alonso, Carlo"
"Analla, Gordon"
"Andrews, Giuseppe"
"Allen, Dean (I)"
"Aimer, Travis Cody"
"$hort, Too"
"Autore Jr., Umberto"
"Bale, Christian"
"Bailey-Gates, Charles"
"Adair-Rios, Mark"
"Andújar, Jordi"
"Adoti, Razaaq"
"Barry, Neill (I)"
"Aiello III, Danny"
"Blossom, Alvin"
Amigo (II)
"Bonanova, Fortunio"
"Baka, Jeremy"
"DeLuise, Dom"
"Angel, Jack (I)"
"Altman, John (II)"
"Basso, Serge"
"American In Paris Ballet, The"
"Armstrong, Alun"
"Bradley, Doug (I)"
"Castellanos, Vincent"
"Anastasia, Albert"
"Azaria, Hank"
"Bassale, Gabriel"
"Beal, Royal"
"Ames, Leon"
"Abeyta, John Christopher"
"Chamberlain, Neville"
"Ayre, Kristian"
"Adams, Gary (I)"
"Adam, Joel"
"Cabot, Bruce"
"Albright, Hardie"
"Bemer, Garrett"
"Ahern, David (I)"
"Ashman, Mark"
"Babbs, O.B."
"Anzilotti, Perry"
"Bean, Sean"
"Al-Rashid, Dharma Harun"
"Branagh, Kenneth"
"Allen, Gary (I)"
"Bitten, Roosevelt"
"Beckwith, Reginald"
"Andersen, Scott (I)"
"Beks, Jakob"
"Adler, Frank J."
"Allport, Chris M."
"Banerjee, Lalchand"
"Bottoms, Sam (I)"
"Allen, Ivan (I)"
"Baker, Jay (I)"
"Artura, Michael"
"Bandyopadhyay, Tushar"
"Boyer, Chance"
"Bell, Daniel (II)"
"Anderson, Stanley"
"Applegate, Royce D."
"Addy, Mark"
"Alexander, John (I)"
"Bechir, Pierre"
"Barbour, Thomas"
"Batinkoff, Randall"
"Abderrazak, Mahmoud"
"Acheson, James (II)"
"Anderson, Axel"
"Battuello, Cliff"
"Bawa, Kapil"
"Carpenter, Willie C."
"Allmond, John"
"Abbot, Paul"
"Döring, Helmut"
"Beck, John (II)"
"Garmon, Huw"
"Brandon, Henry (I)"
"Aarniokoski, Douglas"
"Bacharach, Burt"
"Absolom, Malcolm"
"Burney, Harry"
"Baker, Joby"
"Block, Oliver"
"Aldrin, Buzz"
"Almont, Tony"
"Amodeo, Luigi"
"Angelis, Paul"
"Cheung, Leslie"
"Bagley, Ross (I)"
"Allsberry, David"
"Bolger, Ray"
"Adkins, Seth (I)"
"Banny, Jeannot"
"Kathehakis, Alex"
"Ahamdloo, Hossein"
"Angelo, Paul"
"Alver, Eric"
"Abbott, Jamie (I)"
"Brown, David Harold"
"Brown, Todd Cameron"
"Bakewell, Gary"
"Baity, Scott"
"Amatrudo, Ed"
"Beach, Michael (I)"
"Bates, R.C."
"Acciarito, Frankie"
"Buhr, Gavin"
"Appleby, Mike"
"Bahary, Bosnali"
"Bieri, Ramon"
"Acevedo, Kirk"
"Al, Big (I)"
"Arnaud, Tony"
"Ackerman, Stanley"
"Berry, Christopher (IV)"
"Agarwal, Anirudh"
"Diercks, Erich"
"Aboulela, Amir"
"Cobelli, Giancarlo"
"Baixas, Nico"
"Brown, Chris (XI)"
"Ayers, Jeff (I)"
"Berkoff, Steven"
"Appel, Peter"
"Alexander, Robert (I)"
"Dann, Gene"
"Anderson, Azikiwee"
"Baker, Del (I)"
"Auberjonois, Rene"
"Bell, Bobby (I)"
"Bennett, Jeff (I)"
"Andrés López, Ángel de"
"Bellamy, Ned"
"Akins, Claude"
"Albert, Andrew (I)"
"Borden, Eddie"
"Amsterdam, Morey"
"Barnard, Ivor"
"Anderson, Timothy (II)"
"Ade, Herbie"
"Alderdice, Martin"
"Adler, Bruce"
"Bogosian, Eric"
"Brolin, Josh"
"Delevanti, Cyril"
"Allen, Brad (I)"
"Andric, Branko"
"Bresliski, Ljupco"
"Allen, Irvine"
"Bean, Orson"
"Aar, Jim"
"Assante, Armand"
"Brothers Candoli, The"
"Blanche, Francis"
"Black, Jay (I)"
"Baker, Damani"
"Boyd, Stephen (I)"
"Andrews, Tod (I)"
"Breck, Peter"
"Camp, Joe (I)"
"Amirkhas, Ramsin"
"Belfrage, Crispian"
"De Rossi, Massimo (I)"
"Berg, Alec (I)"
"Alcantar, Tony"
"Asbell, Kevin"
"Ackroyd, Jack (II)"
"Cohen, Scott (I)"
"Bentley, Jason (I)"
"Bond, A.J."
"Asparagus, Fred"
"Bailey, Tom (II)"
"Adamson, Christopher (I)"
Aung
"Alexander, Roland"
"Boyle, Peter (I)"
"Ali, Shad"
"Zhang, Zhigang (I)"
"Ancell, Kevin 'Tiny'"
"Ballou, Mark"
"Abrahams, Doug"
"Arcate, Michael"
"Brown, Lawrence (I)"
"Anderson, Anthony (I)"
"Anthony, Marc (I)"
"Cheung, George"
"Alesia, Frank"
"Aguilera, Eric"
"Campbell, Stuart (I)"
"Anderson, Mark Allen"
"Atherton, William"
"Aleksiev, Dimiter"
"Barbe, Michel"
Ace (XV)
"Barrish, Jerry"
"Albenque, Patrick"
"Anastasio, Trey"
"Beckel, Graham"
"Arm, Mark"
"Bishop, Ex-Det. Sergt."
"Aurelius, Marcus (I)"
"Allen, John Edward"
"Arantes, Rômulo"
"Bonsall, Brian"
"Anderson, Todd Robert"
"Basie, Count"
"Alessandroni, Henry"
"Ari, Bob"
"Byrne, Michael P."
"Armour, Norman"
"Arnold, Mal"
"Bivens, Loren"
"Caine, Michael (I)"
"Cagne, Gil"
"Armstrong, Robert (I)"
"Allen, Mark S."
"Archer, Wayne"
"Ahmadai, Obaid"
"Berry, Mark (I)"
"Bowles, Peter (I)"
"Anderson, Eric (IV)"
"Ardito, Gino"
"Archer, John (I)"
"Adamson, Raymond"
"Anderson, Dion (I)"
"Agee, Timothy Dale"
"Badalamenti, Angelo"
"Argo, Victor"
"Asther, Nils"
"Aykroyd, Dan"
"Altman, Charles R."
"Alcázar, Ángel"
"Choy, Tomas"
"Ben-Victor, Paul"
"Basile, Joe (I)"
"Brown, Timothy P."
"Ames, Kenner"
"Abrahams, Jon (I)"
"Fernando, Don (I)"
"Beatty, Warren (I)"
"Allen, Gene 'Groove'"
"Adams, Shea (I)"
"Bidaman, Robert"
"Arroyo, Danny"
"Beckford, Tyson"
"Blomqvist, Markku"
"Crawford, Broderick (I)"
"Benjamin, Paul (I)"
"Caan, James (I)"
"Borkan, Gene"
"Baca, Jimmy Santiago"
"Addota, Kip"
"Alexi-Malle, Adam"
"Berry, Matt (I)"
"Carlton, Rob"
"Campbell, Rob (I)"
"Adelman, Jason (I)"
"Andrews, James (I)"
"Alfieri, Joseph (II)"
"Aleong, Aki"
"Ackerman, Forrest J"
"Andrews, Tubby"
"Ashton-Griffiths, Roger"
"Adams, Stanley (I)"
"Beauchemin, Scott (I)"
"Armstrong, William S."
"Agnew, Iain"
"Blake, Andre B."
"Addis, Keith"
"Agosto, William"
"Barlow, Reginald (I)"
"Abbott, Bruce (I)"
"Becwar, George"
"Holloway, Stanley"
"Alexander, Jason (I)"
"Bloom, Paul (II)"
"Catlett, Walter"
"Fairman, Austin"
"Alvarez, Manny (I)"
"Brosnan, James"
"Amandes, Tom"
"Argenziano, Carmen"
"Anderton, Chris"
"Acevebo, Art"
"Barnes, Walter (I)"
"Aleksandrov, Grigori"
"Bailey, Peter (III)"
"Abbasi, Riz"
"Barker, Ron (I)"
"Adams, Phil (I)"
"Abbott, Bud"
"Aske, Per Egil"
"Aylward, John"
"Assad, Richard"
"Cooder, Joachim"
"Claxton, Jack"
"Aldridge, Bobby"
"Akins, Sid"
"Aaron, Victor (I)"
"Aquilino, Frank"
"Argiro, Vinny"
"Bekjarev, Ivan"
"Andreozzi, Jack"
"Cannon, Orin"
"Bashoff, Blake"
"Alexander, Alphonso"
"Basco, Dante"
"Akins, Charles (I)"
"Bown, Paul"
"Arone, James"
"Abatcha, Saïdou"
"Bitskey, Tibor"
"Bronson, Charles (I)"
"Artels, Steven"
"Grey, Joel"
"Brinkley, Ritch"
"Barmon Jr., John F."
"Brown, Jason (I)"
"Dióssy, Gábor"
"Balfour, Eric"
"Alda, Alan"
"Alderson, John (I)"
"Berkeley, Xander"
"Bergeron, Michael (I)"
"Bartha, John"
"Armstrong, Herb (I)"
"Baker, Joe Don"
"Adam, Ronald"
"Allen, Keith (I)"
"Benton, Mark"
"Bicq, Graham"
"Antonio Gades, Compañía"
"Barreto, Eric"
"Garfunkel, Art"
"Angulo, Álex"
"Adams, T.C. (I)"
"Barnett, Slade"
"Alessandri, Lorenzo"
"Arnold, Brian (I)"
"Cox, Doug (I)"
"Brown, Jack (VII)"
"Betts, Daniel"
"Bogart, Humphrey"
"Abrishami, Khosrow"
"Alaskey, Joe"
"Alexander, Brett (I)"
"Carson, Jack (I)"
"Dillon, Jack (II)"
"Brown, Andre Rosey"
"Abbot, Bernie"
"Baker, George Anthony"
"Bevan, Billy"
"Barry, Eric (I)"
"Addison, Bernard (I)"
"Albert, Marv (I)"
"Alban, Carlo"
"Andrade, Roberto (I)"
"Alexander, Bruce (I)"
"de la Cruz, Nicolas"
"Berling, Charles"
"Abkarian, Simon"
"Arney, Randall"
"Alexander, David (IV)"
"Bratton-Ryan, Jack"
"Bradin, Jean"
Big Yank
"Bonifas, Paul"
"Ambrose, Steve"
"Allen, Rex (I)"
"Haneke, Michael"
"Bath, Jim"
"Adamson, 'J.J.' Joseph Otieno"
"Daniels, Phil (I)"
"Baird, Richard"
"Braha, Herbie"
"Austine, Ryan"
"Basinger, John"
"Armstrong, R.G."
"Bennes, John"
"Brendon, Nicholas"
"Badel, Alan"
"Abbott, Steve (II)"
"Aguayo, Richard Todd"
"Arnold, Denny"
"Bennett, Ken (I)"
"Bartel, Paul (I)"
"Blossom, Roberts"
"Burger, Cody"
"Brown, Jonathan (III)"
"Huang, Zhiming (I)"
"Akitsu, Hiroshi (I)"
"Bielawski, Zygmunt"
"Ates, Roscoe"
"Barry, Jason (I)"
"Attwell, Michael (I)"
"Alland, William"
"Anzaldo III, Sebastian"
"Chaplin, Charles"
"Allen, Kenneth S."
"Aubert, Christian (I)"
"Alexander, Flex (I)"
"Buckingham, Forry"
"Alexander, Bruno (I)"
"Berry, Chuck (I)"
"Arias, Gersa"
"Anderson, Steven (II)"
"Andrade, Eduardo N.T."
"Anderson, Jeff (I)"
"Blynn, Jeff"
"Adisa, Lawrence B."
"Anderson, David (I)"
"Arenberg, Lee"
"Camp, Don"
"Bourseiller, Antoine"
"Barrows, Henry A."
"Charles, Josh (I)"
"Eden, Jerome"
"Bakula, Scott"
"Anderson, Ernest (III)"
"Alder, Don"
"Baake, Thommi"
"Blankshine, Robert"
"Abatiell, Robert"
"Aldredge, Tom"
"Breuer, Lee"
"Carlson, Joel (I)"
"Aguilar, Jesus (I)"
"Antico, Pete"
"Barboo, Luis"
"Barlow, John Perry"
"Achdjian, Patrick"
"Adejugbe, Ayo"
"Chow, David (I)"
"Aguilar, G.A."
"Afrakhan, Behrooz"
"Alcaïs, Yves"
"Bain, Conrad"
"Beatty, Ned"
"Antonio, Lou"
"Anderson, Clive (II)"
"Binion, Crawford"
"Altman, Bruce"
"Chase, Chevy"
"Beale, Chris"
"Alcón, Alfredo"
"Allard, Dennis"
"Bajaj, Riju"
"Bennett, Norman (I)"
"Barry, Tony (I)"
"Beaune, Michel"
"Bandey, Paul"
"Ahlers, Robert"
"Allen, Tommy (I)"
"Banks, Boyd"
"Amendola, Tony (I)"
"Ascencio, Filberto"
"Sedgewick, Julie"
"Aber, Chuck"
"Beecroft, David"
"Carpenter, David (I)"
"Barry, Matthew (I)"
"Atkin, Harvey"
"Ajdini, Florijan"
"Alto, Bobby"
"Bolada, Jorge"
"Aleandri, Emelise"
"Brauss, Arthur"
"Barker, Lex (I)"
"Baker, John (V)"
"Jackson, Joshua (I)"
"Crumb, Charles"
"Armitage, Graham"
"Hewlett, David"
"Behling, Robert"
"Arnor, Jay"
"Black, Trevor (II)"
"Bridges, Jeff (I)"
"Alexander, Luc"
"Cao, Zhengyin"
"Arledge, John"
"Beals, Stephen"
"Baetens, Karel"
"Arbus, Allan"
"Asnes, Andrew"
"Agami, Al"
"Bergholz, Jon"
"Baltz, Kirk"
"Cranitch, Lorcan"
"Ciampi, Daniele (I)"
"Albert, Steve (I)"
"Ban, Prosperous"
"Capaldi, Peter"
"Alvarez, Roberto (I)"
"Bolender, Bill"
"Bader, Terry"
"Bardette, Trevor"
"Barth, Roger"
"Beck, Jonathan (I)"
"Alexeiew, Walerij J."
"Alexander, O'Clair"
"Agar, John"
"Abdurrahamn, Umar"
"Baer, Parley"
"Bakewell, William"
"Bradley, Harold (I)"
"Bell, Gene"
"Babatundé, Obba"
Benji (III)
"Bettles, Thomas"
"Aprea, John"
"Arnold, Edward (I)"
"Aufiery, Joe"
"Albanese, Frank"
"Akiyama, Denis"
"Ferrell, Bill"
"Cavestani, Frank"
"Bachelder, John"
"Braverman, A. Kent"
"Barbour, Nathan A."
"Adkins, Jeff"
"Begg, Jim"
"Alvarado, Sergio Ortega"
"Akar, Haydar"
"Damon, Mark (I)"
Cristos
"Anker, Jack"
"Albert, Wil"
"Angelo, Michael (I)"
"Averlant, Eric"
"Alexander, Anton"
"Baldwin, Ken (I)"
"Blum, Mark (I)"
"Ayik, Familie"
"Albiez, Lars"
"Armknecht, Martin"
"Albers, Hans"
"Baranov, Aleksandr (II)"
"Barish, Todd"
"Affleck, Casey"
"Ant, Adam"
"Alvarado, David (I)"
"Baier, Robert (I)"
"Adler, Henry"
"Anderson, Warner"
"Belushi, James"
"Anderberg, Bertil"
"Bourin, Richard"
"Bellin, Thomas"
"Edmund, James"
"Abrams, J.J."
"Alderson, George (I)"
"Allred, Corbin"
"Anscombe, Mike (I)"
"Adorf, Mario"
"Abascal, Paul"
"Adams, Timothy (I)"
"Frentz, Walter"
Bopsa
"Fischnaller, Eddie"
"Biensfeldt, Paul"
"Baumann, Heinz (I)"
"Allen, Kevin (I)"
"Axelrod, Robert (I)"
"Aquino, John (I)"
"Davis, Miles (I)"
"Adler, Matt"
"Chow, Yun-Fat"
"Barnes, Jonathan (I)"
"Alianak, Hrant"
"Asanti, Pat"
"Andréi, Frédéric"
"Attenborough, Richard"
"Chitty, Erik"
"Bogert, William"
"Arnott, Jason (I)"
"Adamson, Frank (I)"
"Adzovic, Jadranka"
"Abelew, Alan"
"Han, Si"
"Angelica, George"
"Alcázar, Damián"
"Chan, Greg"
"Barr, Byron"
"Alexander, Jerome"
"Benabiles, M."
"Bottone, Bob"
"Campbell, Ken Hudson"
"Bagneris, Vernel"
"Akin, Philip"
"Bailey, Jason (II)"
"Goddard, Alf"
"Blaazer, Louis"
"Beck, Glenn (I)"
"Browning, Tod"
"Bayldon, Geoffrey"
"Buckingham, Robert"
"Binkley, Gregg (I)"
"Bahúl, Milan"
"Kearns, Michael (I)"
"Astin, Mackenzie"
"Abasolo, Roland T."
"Billson, Felix"
"Albert, Eddie (I)"
"Bridges, Jordan (I)"
"Bethke, Tom"
"Aitchinson, Peter"
"Burroughs, William S."
"Ahern, Liam (I)"
"Breese, Edmund"
"Anthony, Bryan (I)"
"Barrymore, Lionel"
"Bivens, J.B."
"Ahern, James 'Sporty'"
"Baskett, James"
"Cimino, Leonardo"
"Cheung, Jacky (I)"
"Chan, Fai-hung"
"Bershevitz, Vladimir"
"Angrisano, Franco"
"Barton, Robert (I)"
"Ankrum, Morris"
"Armendáriz Jr., Pedro"
"Ahamed, Saikat"
"Davalos, Richard"
"Allen, MacKenzie (I)"
"Askew, Luke"
"Dyall, Franklin"
"Brand, Neville"
"Albert, Ralf"
"Bruns, Philip"
"Alden, Norman"
"Arnett, Will"
"Abdelrasoul, Khalid"
"Alexander, King"
"Alexander, Carmen J."
"Alexander, Peter (III)"
"Ayala, Guillermo"
"Arnon, Mordecai"
"Algora, Francisco"
"Alba, Juan"
"Agirre, Ramón"
"Acosta, Manuel"
"Broderick, Matthew (I)"
"Allen, Alfie"
"Begg, Gordon"
"Capron, Brian"
"Bechtel, Jesse (I)"
"Belhaj Kacem, Mehdi"
"Baille, Philippe"
"Beckett, Stephen (I)"
"Alexander, Shane (I)"
"Gebrselassie, Bekele"
"Allendorfer, John"
"Adcox-Hernandez, Thom"
"Barnett, Craig (I)"
"Coulson, Thomas"
"Allen, Scott (II)"
"Atkins, Tom (I)"
"Archerd, Army"
"Atanassov, Atanass"
"Ciron, Jacques"
"Abzada, Jacqui"
"Astin, John"
"Brown, Marcus Lyle"
"Arnold, Allen"
"Fishburne, Laurence"
"Breashears, David"
"de Montemas, Damian"
"Fierstein, Harvey"
"Alday, Luis"
"Addie, Robert"
"Beiser, Brendan"
"Ahmed, Ahmed"
"Andrews, Réal"
"Blum, Jack (I)"
"Bain, Ron"
"Avery, James (I)"
"Atkinson, Fort"
"Baerg, Jason (I)"
"Angus, Colin (I)"
"Adams, Mason (I)"
"Baker, Bubba"
"Barnett, Angus"
"Carreri, Steve"
"Persson, Caisa"
"Burks II, Willis"
"Alden, Steve (I)"
"Aron, Michael"
"Barry, Raymond J."
"Bordighi, Al"
"Colasanto, Nicholas"
"Adams, Manley"
"Ahlstedt, Börje"
"Burton, Corey (I)"
"Andrews, Jeffrey (I)"
"Bennett, Matthew (I)"
"Anderson, J. Todd"
"Antonutti, Omero"
"Bakunas, Steve"
"Backer, Brian (I)"
"Brooks, Rodney (I)"
"Barlow, Ray"
"Arkin, Michael (I)"
"Akahoshi, Steve"
"Anthony, Mark (IV)"
"Carroll, Leo G."
"Akey, William"
"Barnett, Ronnie"
"Blanda, Robert (I)"
"Ali, Sir"
"Airlie, Andrew"
"Allen, Robert (VI)"
"Bruce, Reggie"
"Anderson, Kenneth (I)"
"Cole, Sidney (II)"
"Brown, Clancy (I)"
"Chang, Shih"
"Alderman, Jason (I)"
"Boas, John"
"Aikman, Luke"
"Alexander, John (II)"
"Andrews, David (I)"
"Angus, Forbes"
"Barron, Bo"
"Alexander, Newell (I)"
"Archbold, Jerry"
"Alspaugh, William"
"Adams, Donald (I)"
"Arana, Tomas"
"Bentall, Paul (I)"
"Babin, Hugh Joseph"
"Berling, Peter"
"Bush, Billy Green"
"Blake Jr., Thomas Walter"
"Brockett, Don"
"Arias, Joseph"
"Apisa, Robert"
"Baker, Travis (I)"
"Arceneaux, Barney D."
"Banks, Jonathan"
"Aljinovic, Boris"
"Barlow, Tom (I)"
"Bl, Duong"
"Barton, Gregg"
"Cudlitz, Michael (I)"
"Bengue, John"
"Baker, Bob (V)"
"André, Max (I)"
"Adu, Robinson Frank"
"Alexis, Alvin"
"Aleksander, Stefan"
"Alatis, Tony"
"Abell, Alistair"
"Anderson, Richard (I)"
"Allen, Patrick (I)"
"Chamberlain, Howland"
"Bassermann, Albert"
"Allums, Jeffrey"
"Bourg, John"
"Banderas, Antonio"
"Abbott, John (II)"
"Acovone, Jay"
"Amundsen, Tom"
"Canemaker, John"
"Belmore, Lionel"
"Appleton, Dudi"
"Atwill, Lionel"
"Byrne, Gabriel"
"Arnold, Tom (I)"
"Altman, Mark A."
"Bacall, Michael"
"Arnett Jr., Isaac T."
"Berry, Vincent"
"Andriole, David"
"Allain, Jean (I)"
"Aasland, Derek"
"Angelino, Joel"
"Bender, Lawrence"
"Cox, Tony (I)"
"Adams, Willie (I)"
"Brand, David (I)"
"Ballard, Terry"
"Bennett, Jeff (V)"
Ace (XVII)
"Barrile, Anthony"
"Anderson, Erich (I)"
"Basaraba, Gary"
"Baldwin, Stephen (I)"
"Corff, Bob"
"Birmingham, Karl"
"Arango, José Rafael"
"Atanasoff, Peter"
"Bellaver, Harry"
"Armendáriz, Pedro"
"Hurt, Mary Beth"
"Adams, Martin (I)"
"Bergen, Edgar"
"Atkinson, Phil (I)"
"Barr, Dennis"
"Becker, Kenneth"
"Beghe, Jason"
"Ghalandari, Parvaneh"
"Allen, Tim (I)"
Aadil
"Anderson, Taylor (I)"
"Arkin, Alan"
"Berry, Philippe"
"David, Queer"
"Dekker, Albert"
"Benrubi, Abraham"
"Bisson, Jean-Pierre"
"Bock, Tim"
"Aris, Ben (I)"
"Boone Junior, Mark"
"Canterbury, Christian"
"Brimble, Ian"
"Breen, Patrick"
"Barillaro, William"
"Adler, Jerry (I)"
"Arance, William L."
"Armstrong, David (VII)"
"Adams, Nick (I)"
"Abbott, John (I)"
"Calleia, Joseph"
"Arthur, Brett (II)"
"Chan, Jackie (I)"
"Belzer, Richard"
"Anello, Gary"
"Altes, Steve"
"Díaz, Guillermo (I)"
"Allan, Chick"
"Brooks, Conrad"
"Barrington, Tom"
"Amakye, Willie"
"Kardos, Derrick"
"Keaton, Buster"
"Cabildo, Jesus"
"Tarantino, Quentin"
"Afshar, Ali"
"Hayashi, Kan"
"Abe, Hiroshi (I)"
"Augustine, Scott"
"Hoey, Dennis (I)"
"Benson, Martin (I)"
"Adamstein, Dana"
"Agajanian Jr., J.C."
"Anderson, Eddie 'Rochester'"
"Abakaz, Suvit"
"Andosca, Rick"
"Boman, Mirko"
"Antonio, José (V)"
"Brunner, Robert (I)"
"Allen, Todd (I)"
"Barrymore, John (I)"
"Avalon, Frankie"
"Caesar, Sid"
"Antonio, Jim"
"Alvin, Martin"
"Andrews, Edward (I)"
"Arquette, Richmond"
"Abratowski, Ed"
"Amphoux, Michel"
"Adler, Roger"
"Andelin, James"
"Brin, Charles"
"Almenares, Ramón"
"Glenn, Roy"
"Dooley, Paul"
"Colvig, Pinto"
"Ahlers, David Ozzie"
"Bartman, William S."
"D'Onofrio, Vincent"
"Brando, Marlon"
"Bakalyan, Richard"
"Angiolini, Steven"
"Anderson, Rick (VIII)"
"Ah Mon, Lawrence"
"Andrews, Brian (I)"
"Bradley, Jordan (I)"
"Arkin, Adam"
"Bogart, Keith"
"Ayral, Necdet Mahfi"
"Méliès, Georges"
"Aylmer, Felix"
"Anholt, Christien"
"Ashikawa, Makoto"
"Begley Jr., Ed"
"Allen, Sid"
"Baker, Dylan (I)"
"Armstrong, Brett"
"Alexander, Rolf"
"Bovelett, Achim"
"Bagley, Tim"
"Bastard, Flash"
"Asner, Edward"
"Alfieri, Giulio"
"Brumfield, Harvey"
"Chow, Ho"
"Barnitt, Roy"
"Bevans, Clem"
"Baron, Chuck"
"Allen, Ray (V)"
"Basehart, Richard"
"Duffin, Shay"
"Antoniou, Fiv"
"Altman, John Neville Rufus"
"Amaral, Bob"
"Bello, Alex M."
"Almquist, Gregg"
"Bidault, Georges"
"Avery, Rick"
"Applegate, Jeremy"
"Barkwill, Scott"
"Birchall, Jeremy (I)"
"Barker, Don (I)"
"Baldwin, Alec"
"Brophy, Jed"
"Alvarez, George (I)"
"Aled, Gruffudd"
"Black, Ian (III)"
"Barton, Peter (I)"
"Marvin, Lee (I)"
"Allen, Anthony (I)"
"Atkinson, Steve (I)"
"Atkins, Peter (I)"
"Bass, Alfie (I)"
"Aiken, Liam"
"Armstrong, Chris (I)"
"Ali, Waleed B."
"Allar, Daniel"
"Boyum, Steve"
"Braeden, Eric (I)"
"Almanzar, James"
"Bacon, Irving"
"Carlson, Chris (VII)"
"Adams, Ted (I)"
"Cross, Roger R."
Amidou
"Mann, Gabriel (I)"
"Bauer, Chris (I)"
"Bridges, Lloyd (I)"
"Ardolino, Isaac"
"Alexander, Richard D."
"Banks, Peter (I)"
"Bertignac, Louis"
"Atholl, Steven"
"Barrows, George"
"Bellamy, Ralph"
"Bresson, David"
"Bagby, Larry"
"Balkay, Géza"
"Abel, Walter"
"Archie, John"
"Aizenberg, Lior"
"Butler, Gordon"
"Correa, Rúbens"
"Bamman, Gerry"
"Caballero, Joseph Luis"
"Busey, Jake (I)"
"Anuff, Joey"
"Benchley, Nat"
"Alonso, Daniel (I)"
"Aylett, Martin"
"Bear, Eddie"
"Chen, Zhigang (I)"
"Barylli, Gabriel"
"Adams, Albert (I)"
"Bokma, Pierre"
"Armstrong, Bryce (I)"
"Agee, Arthur"
"Boyle, Brad (I)"
"Barri, Barta"
"Bakey, Ed"
"Abrahams, Charlie"
"Baird, John (I)"
"Autry, Alan"
"Arizona, Mooky"
"Arnott, David (I)"
"Allen, Derek 'DOA'"
"Cook Jr., Elisha"
"Beebe, Dick"
"Crisp, Donald (I)"
"Chappell, Norman"
"Bailey, D'Army"
"Bellamy, Bill (I)"
"Arndt, Denis"
"Ashley, John (I)"
"Anthony, Lee (I)"
"Bennett, Joseph (III)"
"Bronowski, Steven"
"Chan, Dennis (I)"
"Allman, Sheldon"
"Ambriz, Domingo"
"Albert, Peter (III)"
"Akerstream, Marc"
"Cong, Xiao"
"Cox, Bud"
"Baxter, Charles Thomas"
"Ament, Jeff"
"Bang-Hansen, Arne"
"Aherne, Brian (I)"
"Anderson, Daryl (II)"
"Albright, Dan (I)"
"Attile, Larry"
"Bacarella, Mike"
"Camp, Andrew (I)"
"Ballar, Alex"
"Adams, J.B."
"Audiello, Massimo"
"Cole, Todd (I)"
"Bergin, John (I)"
"Calindri, Ernesto"
"Alighiero, Carlo"
"Acheson, Mark"
"Andrews, Harry"
"Anderson, Arthur (II)"
"Cho, Margaret"
"Berlind, Roger"
"Aiello, Pier Francesco"
"Albinus, Jens"
"DeLonge, Thomas"
"Burke, Robert John (I)"
"Cervi, Gino"
"Addobbati, Giuseppe"
"Angelini-Rota, Camillo"
"Amandola, Vittorio"
"Abadal, Ignasi"
"Abatantuono, Diego"
"Amirkhan, Jon"
"Borjas, Israel"
"Bassi, Leo"
"Flower, George 'Buck'"
"Behal, Stanislav"
"Ahn, Philip"
"Borisoff, Devon Cole"
"Boston, Philip (I)"
"Anderson Jr., Michael"
"Adams, Lloyd"
"Briers, Richard"
"Agnew, James D."
"Bell, Tobin"
"Adriaans, Mark"
"Amsby, Alan"
"Alekan, Henri"
"Anderson, Keith (IV)"
"Allison, Frankie J."
"Abbey, Ian"
"Branch, Tom (I)"
"Barre Astich, Martin"
"Argento, Dario"
"Aamodt, Thor Michael"
"Adams, Don (I)"
"Anthony, Dave (IV)"
"Alessi, Joseph (I)"
"Forsythe, Henderson"
"Antoni, George"
"Aiden, James"
"Clark, Bobby (I)"
"Brown, Garrett M."
"Bianco, Mario (I)"
"Alvin, John (I)"
"Blicker, Jason"
"Alacchi, Carl"
"Curtis, Donald"
"Carlson, Richard (I)"
"Bender, Russ"
"Bernstein, Douglas"
"Connolly, Walter"
"Aiello, Anthony (I)"
"Antin, Steve"
"Albertson, Frank (I)"
"Addington, John (I)"
"Abattucci, Serge"
"Alciatore, Henri"
"Eisenschitz, Bernard"
"Bannon, James (I)"
"Akins, Joe"
"Berger, Helmut (I)"
"Bass, Bobby"
"Austin, Dave (I)"
"Avery, John (III)"
"Arias, Héctor"
"Banks, Leslie (I)"
"Abraham, Richard"
"Beresford, Simon (I)"
"Blumenfeld, Alan"
"Criss, Anthony 'Treach'"
"Butler, Billy (I)"
"Benchley, Peter"
"Baxter, Jerry M."
"Alford, Les"
"Auteuil, Daniel"
"Arcaro, Laurent"
"Ambert, Serge"
"Amaro, Richard"
"Bates, Paul (I)"
"Albee, Josh"
"Aikman, Troy"
"Boyd, Tim (II)"
"Berry, Todd (I)"
"Chen, Kaige"
"Armstrong, Curtis"
"Affleck, Rab"
"Belgrader, Andre"
"Bergenstock, Rob"
"Altman, Sean (I)"
"Abraham, Falconer"
"Ahumada, Alfredo"
"Arquette, David"
"Aufair, Maurice"
"Albrecht, Richard (II)"
"Abramson, Stuart"
"Cham, Siu Hung"
"Rezvani, Serge"
"Allen, Timothy (I)"
"Berry, Lloyd"
"Adrian, Bob (I)"
"Burnham, Charles (I)"
"Cogan, Maggie"
"Abe, Y. Hero"
"Elroy, Derek"
"Atô, Kai"
"Callahan, Mars"
"Andrews, Naveen"
"Baker, Buck (I)"
"Chabior, Janusz"
"Bartik, Oldrich"
"Bodrov Jr., Sergey"
"Carter, Jim (I)"
"Anderson, Kryss"
"Böhlke, Peter"
"Burlage, Roger"
"Balai, Hassein"
"Corrigan, Kevin (I)"
"Baumbach, Jonathan"
"Barker, Abe"
"Abreu, Jorne"
"Aykroyd, Peter"
"Bandera, Manuel"
"Adelman, Skippy"
"Bedford Lloyd, John"
"Anglade, Jean-Hugues"
"Douglas, Robert (I)"
"Bailey, Raymond (I)"
"Abuba, Ernest"
"Boyd, Cameron"
"Arishima, Ichirô"
"Achilles, Damian"
"Ahern, Tim (I)"
"Barton, Craig (II)"
"Beattie, Ron"
"Eidsvold, Gard B."
"Burrell, Fred"
"Amerson, Albert"
"Au, Man Leong"
"Ainley, Richard"
"Brancuzský, Otmar"
"Kragh-Jacobsen, Søren"
"Koppel, Ted"
"Barris, Richard"
"Busch, Ian"
"Alton, Kenneth"
"Bacik, Boris"
"Ananthakrishnan, Vyas"
"Bowman, Al (II)"
"Ahl, Georg (II)"
"Blum, Steve (IX)"
"Alié, René"
"Barbier, Jean-Claude"
"Antoni, Maurice"
"Alfonso, Maquisard"
"Adrisani, Emilio"
"Barbou, Jean-Pierre"
"Amador, Andrew"
"Balducci, Franco"
"Adric, Daniel"
"Almendros, Néstor"
"Brillant, Ludovic"
"Bardini, Aleksander"
"Bezace, Didier"
"Blanc, Matéo"
"Aufaure, Claude"
"Arias, Imanol"
"Boucaron, Gérard"
"Carette, Julien"
"Benard, Christian"
"Ancelin, Cyril"
"Alterio, Héctor"
"Bilis, Teddy"
"Armstead, John"
"Bugallo, Celso"
"Bianchi, Tino"
"Aceves Castañeda, Luis"
"Berel, Jean"
"Andreu, Simón"
"Blier, Bernard"
"Barsacq, Yves"
"Balthazar, Jean-Michel"
"Amendola, Claudio"
"Alamia, Giovanni"
"Blanchar, Pierre"
"Ayila, Tumba"
"Beyrand, Gérard"
"Angely, Michel"
"Bouchaud, Jean"
"Alfonsi, Claudio"
"Antona, Marc"
"Antonucci, Vittorio"
"Baucom, Bill"
"Bromberg, J. Edward"
"Beresford, Marcus"
"Dixon, Tim (I)"
"Alia, Dritan"
"Bridgewater, David"
"Brown, B.J. (I)"
"Alden, Andrew (I)"
"Andrews, Anthony (I)"
"Baitz, Jon Robin"
"Au-Yeung, Bobbie"
"Allen, Tyrees"
"Alan, Kenyon"
"Dimech, John"
"Drouot, Jean-Claude"
"Bouchitey, Patrick"
"Bordier, Patrick"
"Bernard, Denis"
"Bellal, Benoît"
"Bouteille, Romain"
"Davy, Claude"
"Alexandrov, Constantin"
"Lang, Fritz (I)"
"Babar, Marius"
"Girolami, Ennio"
"Buchsbaum, Max"
"Arnaud, Francis"
"Barban, Jean-Claude"
"Allain, Jean-Pierre"
"Alberman, David"
"Ashley, William"
"Brooks, Ron (II)"
"Bank, Frank"
"Beechner, Ed"
"Barty, Billy"
"Andre, Charles (II)"
"Archambault, Sylvio"
"Adjeri, Ranzi"
"Airola, Jean-Louis"
"Audin, Patrick"
"Barrault, Jean-Louis"
"Atlas, Georges"
"Auzel, Maurice"
"Bagni, Fabrice"
"Bartel, José"
"Abbou, Bernard"
"Basler, Antoine"
"Bergonhe, Denis"
"Aussedat, Pierre"
"Bowles, Paul"
"Abrego, Fidel"
"Bestetti, Luca"
"Adams, Cedric (I)"
"Adler, Michael (I)"
"Abel, Joseph Patrick"
"Abdala, José"
"Esmond, Carl"
"Cooksey, Curtis"
"Bayler, Terence"
"Ablaza, Billy Joel"
"Bendix, William"
"Baker, Rupert"
"Atkins, Sharif"
"Addison, Mark (I)"
"Adams, Ed (I)"
"Argue, David"
"Biss, Tom"
"Bernard, Barry (I)"
"Alomar Jr., Sandy"
"Anderson, James (I)"
"Boston, Michael"
"Amar, Mahana"
"Bellan, Joe"
"Alden, Eric (I)"
"Azeff, Michael"
"Brice, Ron"
"Bradley, George (II)"
"Adams, David (VII)"
"Adams, Blake"
"Brown, Earl Jolly"
"Albright, Gerald"
"Amelia, Vincenzo"
"Cunningham, Danny (I)"
"Ammerman, Dan"
"Abraham, Jake (II)"
"Bleibtreu, Moritz"
"Brand, Roland"
"Boswell Sr., Donnie"
"Douglas, Kirk (I)"
"Bee, Kenny"
"Allan, Roger (I)"
"Bielski, Jaroslaw"
"Antuofermo, Vito"
"Antoine, Geoffrey"
"Blake, Robert (I)"
"Bupp, Sonny"
"Fox, Edward (I)"
"Bowe, Pete"
"Basco, Dion"
"Bancroft, Cameron"
"Blendell, Troy"
"Baskin, Elya"
"Baby, Dave (I)"
"Allen, Carl (I)"
"Alansu, John"
"Avalos, Luis (I)"
"Badalucco, Michael"
"Adet, Georges"
"Akerman, Jeremy"
"Annese, Maurie"
"Burns, George (I)"
"Chevalier, Maurice (I)"
"Barrett, Colin (I)"
"Attal, Yvan"
"Amstutz, Roland"
"Andersson, Magnus (I)"
"Bienert, Gerhard"
"Andrei, Damir"
"Arkin, David"
"Berkey, Daniel Martin"
"Bailey, Peter (II)"
"Anchisi, Pier Giovanni"
"Callahan, Pepe"
"Ash, William"
"Chaim, Richard"
"Arnold, John (IV)"
"Baigent, Harold"
"Anderson, Angry"
"Agoun, Nabil"
"Ashiq, Mohammed"
"Benjamin, Ross"
"Abossolo M'bo, Emile"
"Almodóvar, Pedro"
"Argent, Maurice"
"Barnes, Patrick Rodney"
"Colonna, Jerry"
"Abernathy, Ralph"
"Barry, Wesley"
Shweta (I)
"Bionci, Nino"
"Cassidy, Patrick (I)"
"Allinson, Michael (I)"
"Alarcon, Lance"
"Addy, William"
"Bonneville, Hugh"
"Bikila, Abebe"
"Berta, Renato"
"Boretski, Peter"
"Abelle, Janvier"
"Anderson-Gunter, Jeffrey"
"Beckman, Henry"
"Allen, Jason (I)"
"Callahan, John (I)"
"Barlow, Tim (I)"
"Branaman, Rustam"
"Becher, John C."
"Ananishnov, Aleksei"
"Alexander, J.C. (I)"
"Barr, Jean-Marc (I)"
"Bartlett, Cal"
"Atmore, Billy 'Pop'"
"Austin, Ned"
"Accolas, Raymond"
"Lin, Maya"
"Brailey, Peter"
"Adé, Eric"
"Beaver, Little"
"Bartell, Tim"
"Adly Guirgis, Stephen"
"Andrews, Stanley (I)"
"Ashton, John (I)"
"González, Justo"
"Clark, Buddy (I)"
"Alda, Antony"
"Bogan, Hugh"
"Becker, Gerry"
"Abrell, Brad"
"Baker, Todd (I)"
"Acosta, José Alberto"
"Andorai, Péter"
"Anderson, Ian (IV)"
"Aris, Jonathan"
"Abel, Alfred"
"Clements, Edward"
"Alcan, Peter"
"Bentivoglio, Fabrizio"
"Arenas, Ed"
"Bernstein, David M."
"Barnes, Barry (I)"
"Perrin, Jacques"
"Adem, Yashaw"
"Biggers, Dan"
"Asholt, Jesper"
"Brandon, Mark (I)"
"Bennett, Bruce (I)"
"Ardizzone, Davide"
"Bellini, Massimo"
"Avery, Val"
"Cowan, Jerome"
"Andronica, James"
"Brunelle, Thomas"
"Beecham, Reg"
"Cary, Christopher"
"Bailey Jr., Robert"
"Borkowski, Andrzej (I)"
"Bell, Nicholas (I)"
"Alfredsson, Arnold"
"Armus, Sidney"
"Blades, Rubén"
"Alexander, Richard (I)"
"Baker, Arthur (I)"
"Abdullah, Joe"
"Baker, Kenny (I)"
"Balan, Ovidiu"
"Anderson, Nathan (I)"
"Baker, Chuck (III)"
"Arquette, Lewis"
"Chapman, Graham"
"Carrillo, Leo"
"Bon Jovi, Jon"
"Arbez, Nicholas"
"Alston, Hakim"
"Boon, Ed"
"Amodea, Ron J."
"Brown, Jeff (X)"
"Adams, Jacob (I)"
"Burgess, Rick (I)"
"Alaimo, Michael (I)"
"Anthony, Jack (II)"
"Ballantine, Carl (I)"
"Alexander, Wayne (I)"
"Butler, Gerard"
"Beach, Scott"
"Blaisdell, Nesbitt"
"Barnes, Chris (V)"
"Almodóvar, Agustín"
"Baldwin, Daniel (I)"
"Allen, Chase (I)"
"Barnett, Robbie"
"Allan, Richie"
"Boulton, Guy Pelham"
"Douglas, Donald (I)"
"Anthony, Johnny Ray"
"Abatemarco, Tony"
"Angarano, Michael"
"Abramov, Oleg"
"Bambridge, Bill"
"Bosworth, Hobart"
"Baldwin, Adam (I)"
"Bennett III, Jimmy"
"Brock, Stanley (I)"
"Burgess, Michael (I)"
"Bikel, Theodore"
"Albert, Greg (I)"
"Clifford, Dean"
"Camuccio, Andrew"
"Anderson, Ross (III)"
"Auer, Mischa"
"Anderson, Herbert"
"Arent, Eddi"
"Andreoli, Pao Pei"
"Alba, Jaime (I)"
"Bassi, Shekhar"
"Bauer, Bruce (I)"
"Armas, Adrian"
"Beaulieu, Trace"
"Aviles, Rick"
"Albacete, Javier"
"Biraud, Maurice"
"Arthur, Judes Jules"
"Bartosz, Andy"
"Donovan, Martin (II)"
"Avenall, Mike"
"Alaimo, Marc"
"Crawford, John (I)"
"Ichikawa, Danko"
"Blanton, Arell"
"Abbott, Mark (I)"
"Beck, Billy (I)"
"Allen, Mel (I)"
"Boeck, Henri"
"Bridgers, Sean"
"Albertini, Michel"
"Allio, Pascal"
"Abers, William"
"Dahlgren, Tom"
"David, Keith (I)"
"Brown, W. Earl"
"Abraham, Walter"
"Cornás, Walter"
"Alexander, David James"
"Blackson, Michael"
"Allan, Richard (I)"
"Bailey, Mark Chandler"
"August, Lance"
"Boulogne, Ari"
"Alessandro, Anthony"
Chaino
"Achorn, John"
"Burchinal, William"
"Adedunyo, Obaka"
"Bohem, Leslie"
"Acunzo, Giseppe"
"Collins, Carter"
"Amrich, Daniel E."
"Bacon, Norman"
"Bressart, Felix"
"Acheson, Dean (I)"
"Adams, Thomas (I)"
"Allen, Frederick (II)"
"Bosco, Philip (I)"
"Blondell, Brian"
"Backhurst, Don (I)"
"Binns, Edward"
"Kinski, Klaus"
"Botz, Gustav"
"Alcott, Leslie"
"Abed-Alnour, Youssef"
"Brody, Adrien"
"Brown, Wally (I)"
"Armatrading, Tony"
"Carbonell, Raúl"
"Caine, Henry"
"Cowles, Matthew"
"Ales, John"
"Aïssa, Mounir"
"Cintra, Luís Miguel"
"Coleman, Charles (I)"
"Aisenberg, Leonardo"
"Bader, Diedrich"
"Belov, Oleg (I)"
"Connors, Chuck (I)"
"Bartlett, Charles (II)"
"Bartlett, Robert (III)"
"Brown, Bruce (I)"
"Coleman, Dabney"
"Allen, Irvin"
"Baldwin, Walter (I)"
"Goldman, Martin (II)"
"FitzPatrick, James A."
"Blackman, Don (I)"
"Allen, Edward (V)"
"Allen, Donald V."
"Adway, Dwayne"
"Bailey, J. Robert"
"Berryman, Michael"
"Baylor, Hal"
"Berenger, Tom"
"Acosta, David (I)"
"Allen, Doug (II)"
"Barry, Don 'Red'"
"Applegate, Rick"
"Anh, Vo Trung"
"Arsenault, Joseph"
"Bill, Bushwick"
"Andrews, Patrick (II)"
"Barberini, Urbano"
"Porten, Franz"
"Barber, Charles (I)"
"Allen, Arthur B."
"Bowens, Malick"
"Brodie, Steve (I)"
"Carr, Bubba"
"Ambabo, Don"
"Anders, Ed"
"Beasley, John (I)"
"Anzell, Hy"
"Farnum, Franklyn"
"Adams, Michael (I)"
"Blevins, Cory"
"Beltrán, Guillermo (I)"
"Barra, Gianfranco"
"Gao, Yang (I)"
"André, E.J."
"Allen, Mike (XXIV)"
"Adachi, Yoshi"
"Guyer, Murphy"
"Bercovici, Luca"
"Autrey, Aspen"
Carmen and Brooke
"Bernard, John (IV)"
"Ertmanis, Victor"
"Berry, Sam (I)"
"Clark, J.J. (I)"
"Amelio, Lucio"
"Ardoin, Brett"
"Al-Hamd, Ismael"
"Adkins, Richard C."
"Banerjee, Haren"
"Aaran, Abraxas"
"Belfquin, Mohammed"
"Arechiga, Miguel Ángel"
"D'Ausilio, Enzo"
"Allan, Isaac"
"Beck, Rufus"
"Alai, Dean"
"Bill, Tony (I)"
"Böhm, Karlheinz (I)"
"Abdul-Ali, Hassan"
"Andreen, Steve"
"Brown, Stanley (I)"
"Blanco, Tomás (I)"
"Brega, Mario (I)"
"Acton, David (I)"
"Collier, Richard (III)"
"Backus, Jim"
"Butala, Tony"
"Arafat, Yasser"
"Arntzen, David"
"Alford, Guy"
"Baldwin, A. Michael"
"Avary, Eric"
"Cain, Leon"
"Black, Tre"
"Chouchanian, Jack"
"Arterton, Jon"
Achee
"Aronofsky, Abraham"
"Collingwood, Peter"
"Ashby, Michael"
"Collins, Russell (I)"
"Adams, Bob (I)"
"Atwood, Marc (I)"
"Blanc, Mel"
"Barbour, Bruce Paul"
"Carbone, Antony"
"Anderson, Ric"
"Baker, Ray (I)"
"Anthony, Carl (I)"
"Burton, Jeff (I)"
"Achara, Basile"
"Ahlf, Al"
"Abele, Jim (I)"
"Bernardi, Nerio"
"Armstrong, Alexander"
"Baker, Joe (I)"
"Artiste, Roman"
"Allen, Edward (IV)"
"Burton, Warren"
"Bartlett, Philip"
"Altman, Norman"
"Bailey, G.W."
"Batanides, Arthur"
"Alkon, Sheldon"
"Clarke, Gage"
"Bannister, Jeffrey (I)"
"Allan, Conrad (I)"
"Beauvois, Xavier"
"Aidman, Charles"
"Ball, Rod"
"Baker, Danny (II)"
"Bishop, Tom (I)"
"Bennent, Heinz"
"Arnt, Charles"
"Berfield, Barry"
"Betts, Jack"
"Cochran, Colby"
"Atherton, Dan (I)"
"Amadeus, Adrian"
Laibach
"Anders, Jamie"
"Capodice, John"
"Adams, Simon (I)"
"Ananins, Michael"
"Austin, Carl (I)"
"Allegretti, Cosmo"
"Bailey, Ewan"
"Attio, Eric"
"Aletter, Frank"
"Aleksandrov, Boris (II)"
"Accinelli, Luis"
"Amburgey, Jillian"
"Adams, Peter (I)"
"Bess, Ardon"
"Carver, James (I)"
"Amis, Danny"
"Browne, Robert Alan"
"Bayer, Gary"
"Boyce, Brandon"
"Archer, Steve (I)"
"Bremer, Brian"
"Toledo, Juan (II)"
"Biyona, Jimmy"
"Baird, Phillip"
"Avon, Roger"
"Adams, Rick (III)"
"Aard, Frank J."
"Aaron, Bob (I)"
"Bux, Ishaq"
"Beaumont, Hugh"
"Alleyn, Derek"
"Bartold, Norman"
"Alexander, Richard (II)"
"Aboutboul, Alon"
"Amada, Masuo"
"Austell, Jan"
"Aminian, Ahmed"
"Dixon, Matthew (I)"
"Altamirano, Pedro"
"Byrne, Robert (I)"
"Hamilton, Richard (I)"
"Ades, Daniel"
"Bagdasarian, Ross"
"Avram, Chris"
"Bruce, Nigel"
"Bagden, Ron"
"Beebe, Steve Mitchell"
"Besher, Chuk"
"Apel, Robert"
"Horino, Tad"
"Raoux, Paul"
"Nguyen, Xuan Ngoc"
"Baer, Bogdan"
"Benskin, Tyrone"
"Anderson, Mitchell (I)"
"Adams, Matt (I)"
"Abbott, Paul (I)"
"Askerneese, Chuck"
"Fraser, John (I)"
"Abraham, Abraham"
"Caffrey, Sean (I)"
"Able, Albert"
"Ballog, Edward"
"Chang, Richard (II)"
"Alvarez, Everett"
"Kendall, Henry"
"Antrobus, David"
"Balin, Michael"
"Abot, Didier"
"Bass, Greg (I)"
"Adams Jr., Quincy"
"Aklin, Will"
"Bonehill, Richard"
"Bedford, Brian"
"Bailey, Charles (II)"
"Aherne, Patrick"
"Avildsen, Christopher"
"Baldwin, Bill (II)"
"André, François (I)"
"Adams, R.J."
"Blanchard, James (I)"
"Altman, Richard (I)"
"Amador, Antoine"
"Arau, Alfonso"
"Abraham, Jorge"
"Butler, Paul (I)"
"Abraham, Cesar"
"Antonelli, Roberto"
"Baptist, Nigel (I)"
"Callahan, E.J."
"Cuthbertson, Allan"
"Abrams, Noah"
"Dall, John (I)"
"Bontempo, Pietro"
"Badurina, Livio"
"Bodson, Frédéric"
"Barrington, Marcus"
"Coppens, Staf"
"Broadbent, Jim"
"Barlowe, Sid"
"Jacobi, Ernst"
"Albertson, Jack"
"Anderson, Andy (II)"
"Armstrong, Jake (I)"
"Abounouom, Ahmed"
"Andrews, Joseph Williams"
"Bibic, Vladimir (I)"
"Collins, Bill (I)"
"Ashley, Mike (II)"
"Anderson, Eric Chase"
"Bonilla, Art"
"Brady, Scott (III)"
"Boulton, Matthew (I)"
"Alper, Murray"
"Becker, Randy"
"Achar, Ravi"
"Astin, Sean"
"Abdelmonmonmeni, Kouider"
"Annabi, Noureddine"
"Alcaraz, Hermenegildo"
"Alcazar, Christophe"
"Arnold, Dickie"
"Alderson, Erville"
"Apisa, Pete"
"Bashe, Mate"
"Dotrice, Roy"
"Bailey, Bill (IV)"
"Aiken, Loclann"
"Andrejevic, Kosta"
"Bruner, John (I)"
"Beckwith, William"
"Allerson, Alexander"
"Appiano, Peter"
"Becker, Ben (I)"
"Abrams, Dennis"
"Andersson, Kris"
"Berry, Tom (I)"
"Blasucci, Dick"
"Benjamin, Joel (I)"
"Carson, Charles (I)"
Bonzo (IV)
"Astudillo, Pete"
"Bell, Addison"
"Alonso, Johnny"
"Barrow, Bernard"
"Angus, Terry"
"Baum, Van"
"Bertharion Jr., Gil"
"Barnes, T. Roy (I)"
"Apo-Tsang, Karma"
"Brill, Steven (I)"
"Bunker, Edward"
"Arnold, Victor (II)"
"Al-Khan, Ahmed"
"Baptiste, Thomas"
"Anderson, Thomas (II)"
"Baum, Bruce"
"Emoto, Akira"
"Agnew, Spiro"
"Buchanan, Edgar"
"Ash, Rick (II)"
"Aldridge, Michael"
"Brown, Gerard (I)"
"Burns, Edward (I)"
"Begalishvili, Badri"
"Anderson, Myles"
"Abdillah, Shion"
"Adams, Terry (III)"
"Chan, Anthony (I)"
"Ali Naderi, Ghorban"
"Adamos, Archie"
"Alu, Al"
"Baldwin, Sean (I)"
"Aaron, Sam (I)"
"Belhadi, Jamal"
"Barnabe, Bruno"
"Fowley, Douglas"
"Athey, Ron"
"Ball, Vincent (I)"
"Beaver, Jim (I)"
"Baker, Aaron (I)"
"Andrade, Carlos (I)"
"Barton, Dan (II)"
"Ermey, R. Lee"
"Baker, Todd (IV)"
"Ashton, Joseph"
"Barrett, Don (III)"
"Bernuth, Charles P."
"Bortz, Jason"
"Breton, Allen"
"Amsbery, Bill"
"Albanese, Michael (II)"
"Aresco, Joey"
"Brightwell, Paul"
"Black, Lucas (II)"
"Daniel, Don (I)"
"Birch, Yan"
"Atkins, Alan"
"Blake Jr., John"
"Allison, Bart"
"Adams, Evan (I)"
"Arditi, Pierre"
"Bernardo, Paul Joseph"
"Asai, Jun"
"Brazeau, Jay"
"Atwell, Roy"
"Miller, Paul (XI)"
"Beal, John (I)"
"Berkowitz, Michael (I)"
"Bilios, Dion"
"Aiello, Pinky"
"Austin, Jimmy (I)"
"Alcíbar, Miguel"
"Higgins, Vincent (I)"
"Barba, Norberto"
"Banionis, Donatas"
"Barron, Jude"
"Alterman, Steve"
"Barry, Dave (I)"
"Barry, Alan"
"Bairos, Gary"
"Conti, Tom"
"Carson, Shawn (I)"
"Aicher, Marius"
"Cullen, Brett (I)"
"Boreen, Chad"
"Austin, Paul (I)"
"Adams, Robert (I)"
"Dunn, Lloyd"
"Dahan, Armand"
"Baum, Jürgen"
"Altman, Jeff (I)"
"Bierko, Craig"
"Arnold, Alvin"
"Clooney, George"
"Bouise, Jean"
"Barclay, John (I)"
"Asher, John (I)"
"Ainge, Danny"
"Bock, Mitchell"
"Amador, Ricardo"
"Davies, Jeremy (I)"
"Butts, Billy"
"Brocco, Peter"
"Akrawi, Mike"
"Ashford, Matthew (I)"
"Ahl, Michael"
"Baker, Art"
"Coyote, Peter"
"B, Wesley"
"Borsz, Pete"
"Anthony, Gerald"
"Berkeley, Ballard"
"Baldwin, Peter (I)"
"Benrath, Martin"
"Grinko, Nikolay (I)"
"Burton, Clarence"
"Burghardt, Arthur"
"Alcocer, Mario"
"Allen, Phillip R."
"Amritraj, Vijay"
"Bennett, Harve"
"Bloom, John (III)"
"Bau, C.J."
"Ames, Granville"
"Booth, Jimmie"
"Butrick, Merritt"
"Ankrum, David"
"Armstrong, Ray (II)"
"Ackerman, Robert (I)"
"Benning, Russ"
"Aguirre, Sergio (I)"
"Adrian, Walter"
"Cecchi, Carlo (I)"
"Bucossi, Peter"
"Disney, Walt"
"Adams, Joshua A."
"Adams, Robert (IV)"
"Andreone, Matteo"
"Artus, David"
"Balmos, Tom"
"Atkinson, Delroy"
"Artz, Tim"
"Byrne, David (I)"
"Brown, Jophery C."
"Hitchcock, Robyn"
"Cassell, Wally"
"Abuse, Bob"
"Boes, Richard"
"Brown, John (I)"
"Bryniarski, Andrew"
"Ashmore, Shawn"
"Briggs, Samuel"
"Bays, Joe"
"Applegate, Fred (I)"
"Bartok, Jayce"
"Aronson, Steve (I)"
"Cameron, David (I)"
"Aldrich, Nathan Dana"
"Blore, Eric"
"Ichihara, Kiyohiko"
"Blake, Larry J."
"Ashforth, Justin"
"Asaki, Jim"
"Bidwell, Richard"
"Alexander, Keith (I)"
"Bailey, Bill (II)"
"Beatty, Robert (I)"
"Allman, Ross"
"Barbi, Vincent"
"Bates, Ben (I)"
"Birns, Bruce"
"Del Toro, Benicio"
"Baikie, Peter"
"Abraham, John (II)"
"Corcoran, Kevin (I)"
"Alfasa, Joe"
"Anderson, Ernie (I)"
"Bakatman, Scott"
"Aaby, Kristian"
"Ford, Wallace"
"Berns, Gerald"
"Ansari, Ahmad"
"Bartley, Jim"
"Agrusso, Micheal"
"Buscemi, Steve"
"Bentley, Lamont"
"Brown, Scott (III)"
"de Juan, Jorge"
"Beer, Daniel (I)"
Bell (II)
"Abe, Mario"
"Agri, Antonio"
"Bland, John David"
"Agashe, Mohan"
"Berk, Barry"
"Adu, Frank"
"Bergin, Patrick"
"Abete, Clemente"
"Gant, Robert"
"Bush, Curtis"
"Amodei, Joseph (I)"
"Anthony, Paul (I)"
"Aaron, James (I)"
"Berteloot, Jean-Yves"
"Abadia, Oscar"
"Ashley, Kurek"
"Abbott, Dalton"
"Beall, Charles"
"Cabot, Sebastian (I)"
"Hersholt, Jean"
"Asada, Tomoo"
"Arnott, Mark (I)"
"Blakely, Gene"
"Allison, Don"
"Antonino, Larry"
"Ajaye, Franklyn"
"Cappodanno, Nicky"
"Cellier, Frank"
"Brown, Alfred (I)"
"Brill, Michael (I)"
"Anastasio, Chris"
"Andrew, Iain"
"Anderson, Ryan (I)"
"Allison, Drew (I)"
"Averlont, Erik"
"Barrie, Trevor"
"Cooper, Melville"
"Cochrane, Rory"
"Bancroft, Bradford"
"Alexander, Michael G."
"Kruschen, Jack"
"Hall, Henry (I)"
"Berns, Wally K."
"Buttram, Pat (I)"
"Becerril, Jorge"
"Bassanoff, Toula"
"Butcher, Harry G."
"Aranguiz, Manuel"
"Alejandrino, Alberto"
"Bachmann, Conrad"
"Berman, Josh (II)"
"Atkinson III, Hal Fort"
"Cady, Frank"
"Elliott, Jack (III)"
"Alston, William"
"Anfinsen, Tom"
"Alfaro, Manny"
"Bryant, John (I)"
"Baird, Charlie"
"Bateman, Dennis (I)"
"Brown, Billy (II)"
"Aguero, Juan Manuel"
"Allen, Vance"
"Ashker, John"
"Abiskaron, John"
"Adler, Jay"
"Bedoya, Alfonso"
"Bishop, Tyler (I)"
"Brooks, Avery (I)"
"Dawson, Paul (II)"
"Burns, Dan (I)"
"Atterbury, Malcolm"
"Griffin, Bob (II)"
"Almoney, Keith"
"Little, Russ (I)"
"Atkins, Christopher"
"Anthony, Eugene J."
"Daniell, Henry"
"Barnett, Tom (I)"
"Arnold, Chris (I)"
"Andersen, Jürgen"
"Brighton, Bruce (I)"
"Chapp, Randy"
"Crawford, Perry"
"Barnes, Isaiah"
"Blech, Hans Christian"
"Boxer, John (II)"
"Billeter, Ken"
"King, Charles (I)"
"Boggs, Jason (I)"
"Annan, Jotham"
"Beach, Jim (II)"
"Arbuckle, Roscoe 'Fatty'"
"Astredo, Humbert"
"Anger, Mark"
"Burke, Patrick Sullivan"
"Bana, Eric"
"Alexis, Demetrius"
"Birkin, Ned"
"Albano, John (I)"
"Bergman, Henry (I)"
"Abney, William"
"Cabus, Mark (I)"
"Buret, Philippe"
"Anderson, Carl (II)"
"Agins, Robert"
"Aherne, Michael"
"Anderson, Hillyard"
"Appleton, Bev"
"Cazale, John"
"Alleff, Tony"
"Allen, LeRoy"
"Britt, Rod"
"Allen, Carlo Perez"
"Bradley, Leslie (I)"
"Abelar, Michael"
"Acosta, Eric (II)"
"Breuler, Robert"
"Bailey, Joel (I)"
"Levitch, Timothy 'Speed'"
"Cushing, Peter"
"Amiel, Jean-Pierre"
"Arnold, Lamont"
"Gray, Billy (I)"
"Askin, Peter"
"Bearden, James (I)"
"Bessey, Claude"
"Allen, Gene (II)"
"Antonio, Emidio"
"Aspegren, Chuck"
"de Keyser, David"
"Aldridge, Eddie"
"Anders, Richard"
Bullet (VII)
"Boyle, Chris (I)"
"Amer, Nicholas"
"Hare, Will (I)"
"Accioly, Nilson"
"Balsim, Eric"
"Alvarez, Andy"
"Bolam, James"
"August, Robert"
"Blythe, Robert"
"Bermingham, Thomas"
"Amick, Ryan Paul"
"Albert, James (I)"
"Arbogast, Bob"
"Addison, Walter"
"Harker, Gordon"
"Baldwin, Doug (I)"
"Bedrosian, Hunter"
"Aranda, Rene"
"Fix, Paul"
"Bowie, David"
"Allen, Michael (VIII)"
"Bobbie, Walter"
"Allodi, James"
"Barbera, Joseph"
"Hedison, David"
"Carlson, Leslie"
"Bermel, Pat"
"Baxter, George (I)"
"Dracup, Robert"
"Abrahams, Irving"
"Carson, David (II)"
"Billingsley, Pat"
"Amateau, J.P. (I)"
"Denton, Scot"
"Coleman, Layne"
"Brook, Sebastian"
"Anderson, Matthew R."
"Allen, Phil (I)"
"Coote, Robert"
"Annamalai, Satchu"
"Browne, Clarke"
"Alpert, Gregory"
"Bluto, John"
"Abineri, John"
"de Jager, Nic"
"Bowen, Erick"
"Bevan, Anthony"
"Chipalu, Govind"
"Aslan, Grégoire"
"Belchamber, Barry"
"Adams, Jeb Stuart"
"Brody, Raymond"
"Avery, Brian (I)"
"Anders, Rudolph"
"Adams, Tom (I)"
"Bearden, W.S."
"Bryant, William (I)"
"Bing, Herman"
"Adler, Felix (I)"
"Briscoe, Brent"
"Adelstein, Paul"
"Baker, Stanley (I)"
"Conkel, Jeff"
"Austin, Mark (I)"
"Davidson, John (II)"
"Adamson, Kent"
"Cavanaugh, Michael (I)"
"Baron, Sandy (I)"
"Anderson, Deke"
"Cassarino, Richard"
"Del Val, Jean"
"Averitt, Julius"
"Byrd, William 'Buddy'"
"Corbin, Barry"
"Atkins, Dave (I)"
"Connally, John (I)"
"Assunção, António"
"Adams, Stan (I)"
"Aubrey, James"
"Anderson, Bart (I)"
"Ali, Muhammad (I)"
"Clarke, Gordon B."
"Cain, William (II)"
"Blumberg, Ted"
"Bexton, Nathan"
"Elsen, John"
"Bewley, Tom (I)"
"Chestnut, Morris"
"Redgrave, Michael"
"Badreya, Sayed"
"Clive, E.E."
"Ashmore, Peter"
"Dean, James (I)"
"Ahmed, Kamal (I)"
"Abdellatif, Hilal"
"Adler, Bill (I)"
"Adcock, Kirk"
"Cao, Qugen"
"Bond, Steve (I)"
"Abbott, David (I)"
"Chong, Wes"
"Abrahams, Jim"
"Agata, Toshiya (I)"
"Best, James (I)"
"Barney, Jay"
"Beckley, William"
"Boeke, Jim (I)"
"Adiarte, Patrick"
"Boyar, Sully"
"Alberni, Luis"
"Boreo, Emile"
"Barr, Russell"
"Basch, Bill"
"Castellano, John (I)"
"Kozlowski, Leopold"
"Arnold, Robert (XI)"
"Aherne, Kieran"
"Ait Fdil Ahmed, Mahamed"
"Bates, Edward"
"Dolenz, George"
"Andrews, Mac"
"Benton, Craig"
"Gielgud, John"
"Allen, Harold (II)"
"Barrat, Robert"
"Bennet, Brian (I)"
"Feiffer, Jules"
"Atkinson, Rowan"
"Allen, Harry (I)"
"Campo, Wally"
"Aycock, Jim"
"Aquarian, Aesop"
"Bilotta, Bruno"
"Da Silva, Howard"
"Buell, Bill"
"Adler, Luther"
"Priest, Michael (I)"
"Alaniz, Rico"
"Ahlurlia, Jason"
"Brainville, Yves"
"Acres, Graham"
"Currie, Michael (I)"
"Davies, Toby (I)"
"Behrens, Bernard"
"Conte, John (I)"
"Chen, Yao Lin"
"Corrigan, Lloyd"
"Ayrton, Randle"
"Bleifer, John"
"Brown, Robert (I)"
"Abugov, Adam"
"Arahanga, Julian"
"Bisset, Douglas (I)"
Bogus (I)
"Baio, Jimmy"
"Berrigan, Daniel"
"Brandenburg, Larry"
"Altshuld, Alan"
"Berman, Drew"
"Byron, Arthur"
"Afifi, Mohammed (I)"
"Chaney Jr., Lon"
"Bruce, David (I)"
"Arno, Sig"
"Allen, Ian (X)"
"Baker, Bob (XIX)"
"Armin, Robert (I)"
"Barreto, Justin"
"Bemis, Cliff"
"Albright, Jay (I)"
"Abbey, Joshua"
"Appleby, Noel"
"Aubry, Darius"
"Alessi, J.T."
"Arthur, Donald"
"Bauchau, Patrick"
"Arrington, Brad"
"Anderson, 'Gangsta' Terrell"
"Beam, Christopher (I)"
"Battista, John (I)"
"Davies, Rupert (I)"
"Ball, Sherwood"
"Amoni, Tony"
"Edelman, Herb"
"Brandt, Martin (I)"
"Alameda, Richard"
"Castell, Mattia"
"Bookwalter, DeVeren"
"Banai, Ya'ackov"
"Cooper, Chuck (I)"
"Bucatinsky, Dan"
Cedric the Entertainer
"Buetel, Jack"
"Beesley, Brent"
"Chambers, Ralph W."
"Ballerini, Edoardo"
"Baker, Lenny"
"Acimovic, Dejan"
"Adams, Jay (I)"
"Carter, Jimmy (I)"
"Adams, Mark (XIII)"
"Conklin, Chester"
"Abreu, Jorge Luis"
"Carewe, Arthur Edmund"
"Abraham, Sean"
"Aristotle, Augusto"
"Allen, Steve (I)"
"Amos, John (I)"
"Brody, Lewis"
"Browne, Roscoe Lee"
"Arno, Frank"
"Arceri, John"
André the Giant
"Brooks, Mel (I)"
"Adakai-Nez, Randy"
"Bradshaw, Michael (I)"
"Arbona, Gilles"
"Abrahams, Jody"
"Bond, Ward"
"Blackwell, Paul (I)"
"Blackwell, Rus"
"Baskin, William"
"Boa, Bruce"
"Brown, Kedar"
"Harrison, Rex (I)"
"Aitken, Tony (I)"
"Balis, Elliot"
"Brock, Vince"
"Crossett, William"
"Anhalt, Edward"
"Altuna, Robert"
"Barre, Gabriel"
"Anselmo, Robert M."
"Adams, Dave (I)"
"Adams, Jonathan (I)"
"Brady, P.J."
"Brown, Jim (I)"
"Benesh, Mark"
"Alexander, Edward"
"Cowles, Jules"
"Aderneck, Stephen"
"Bennett, Tony (I)"
"Ashton, Dyrk"
"Bailey, Andrew (I)"
"Baker, Frank (III)"
"Auerbach, Norbert"
"Byrne, Cillian (I)"
"Arnold, Fredric"
"Alan, James"
"Aubuchon, Jacques"
"Baxt, David"
"Bambaataa, Afrika"
"Bamji, Firdous"
"Bancroft, George (IV)"
"Arditti, Robert"
"Boyce, Jim"
"Dane, Karl"
"Chase, Duane (I)"
"Bell, James (I)"
"Addis, Richard (I)"
"Marks, Leo (I)"
"Beuth, Robert Alan"
"Anderson, Jerry E."
"Apple, Alan"
"Bellows, Gil"
"Anderson, Ross (I)"
"Amerson, Stephen W."
"Baker, Simon (III)"
"Attles, Joseph"
"Barker, Guy (II)"
"Bianchini, Alfredo"
"André, Michel (II)"
Astro (II)
"Bloom, John (I)"
"Adams, Randall (I)"
"Brophy, Edward (I)"
"Brimley, Wilford"
"Arness, James"
"Breuer, Siegfried"
"Barton, Rodger"
"Adkins, David (I)"
Almirante
"Alexander, Kenny"
"Attenborough, Tom"
"Coolidge, Philip"
"Barquet, Xavier"
"Alan, Eric (I)"
"Altamura, John"
"Barker, Edhem"
"Dano, Royal"
"Aliferis, Andrew"
"Camilleri, Terry"
"Brinkmann, Robert (I)"
"Arnold, Madison"
"Bernal, Robert"
"Abdul-Mansour, Malek"
"Baily, Chris (I)"
"Beuer, Miroslaw"
"Aylward, Peter"
"Bagnall, Jamie"
"Agrait, Carlos Joshua"
"Anderson, Dave (XXXI)"
"Cunliffe, Freddie"
"Blake, Geoffrey"
"Barry, Gene"
"Bates Jr., James"
"Boles, Eric"
"Griffitts, Todd"
"Alan, Christopher"
"Biddle Sr., Charles"
"Corbett, Michael (I)"
"Noonan, Tom (I)"
"Baer Jr., Max"
"Gambon, Michael"
"Casson, Lewis"
"Biggerstaff, Sean"
"Artus, Ashley"
"Bletcher, Billy"
"Bogarde, Dirk"
"Boland, Mary (I)"
"Blackshire, Geoffrey"
"Albasiny, John"
"Campbell, Kippy"
"Badalato, T.C."
"Aaron, Chad (I)"
"Agona, Joel"
"Adamonis, John"
"Baldasare, Nick"
"'Dead End' Kids, The"
"Buttons, Red"
"Allison, Ray"
"Belgard, Steven"
"Anderson, Clive (III)"
"Anderson, Devon (I)"
"Bennett, Andrew (I)"
"Bell, Barry (I)"
"Beery, Wallace"
"Allen, David (XI)"
"Abi-Ad, Joseph"
"Bui, Tuong Trac"
"Arnold, Mark (I)"
"Conforti, Gino"
"Hu, Li (I)"
"Cao, Jiong"
"Benatar, Dennis T."
"Fuller, Samuel"
"Anderson, Taylor (III)"
"Armour III, Tommy"
"Billings, Joshua (I)"
"Edwards, Eric (II)"
"Breuer, Jim"
"Abernathy, Lewis"
"Ahrens, Christopher (I)"
"Gilmore, Art"
"Ackman, Cole"
"Alford, Phillip"
"Atard, Peter"
"Musaka, Naomasa"
"Bull, Peter (I)"
"Allan, Dick"
"Brady, Randall"
"Arosenius, Per-Axel"
"Donath, Ludwig"
"Chaplin, Christopher (I)"
"Aleksander, Grant"
"Colomb, Christoph"
"Allmon, Clinton"
"Dandridge, Don"
"Abelanski, Lionel"
"Daugherty, Jon (I)"
"Durini, Giuseppe"
"Andrew, Kevin (I)"
"Abraham, Marc (I)"
"Anderson, Gregory W."
"Chevrier, Arno"
"Autheman, Marc"
"Atkine, Féodor"
"Greig, Robert"
"Anderson, Robby (I)"
"Barndt, Perry"
"Ehara, Tatsuyoshi"
"Chan, Chit-Man"
"Carmichael, Josh"
"Bosch, Johnny Yong"
"Bergmann, Alan"
"Humphrey, William (I)"
Ant
"Aiello, Rick"
"Ace, Martin"
"Aranha, Ray"
"Caramitru, Ion"
"Arkin, Anthony"
"David, Angel"
"Cohn, Harry (II)"
"Allen, Jeffrey (I)"
"Allyn, Rob (I)"
"Bajenski, Len"
"Bell, Dennis (II)"
"Branner, Charles"
"Andriani, Oscar"
"Bean, Henry"
"Barouh, Pierre"
"Becker, Louis (I)"
"Albinet, Vasile"
"Anthoff, Gerd"
"Alexander, Leo"
"Caballero, Luis (I)"
"Allan, John Edward"
"al-Assad, Hafez"
"Bancroft, George (I)"
"Gerranio, Pierre"
"Broyden, Jim"
"Butler, Garner"
"Bozian, Jamie"
"Anderson, Brent (I)"
"Hayward, Susan (I)"
"Alliger, Richard"
"Bennett, Clé"
"Ball, Sam (IV)"
"Aksentiy, Yuriy"
"Black, Gerry (I)"
"Adeyemi, Ayo"
"Anderson, Todd (I)"
"Gaynes, George"
"Azzaro, Rome"
Aki (I)
"Adams, Daniel (V)"
"Achtel, Dieter"
"Gameau, Damon"
"Farnham, Euclid"
"Bancroft, Bob"
"Bento, Fernando"
"Bexley, Don"
"Arne, Peter"
"Archard, Bernard (I)"
"Baldwin, Sidney (I)"
"Kellogg, John (I)"
"Augustus, Sherman"
"Alejan, Sam"
"Ansara, Michael"
"Belson, Michael"
"Ashford, Jim"
"Carver, Peter"
"Alvarez, Rafael (I)"
"Barron, Marcus (I)"
"Andrews, Jean (I)"
"Abrahamson, Peter"
"Chaplin, Ben"
"Anderson, Tracy (I)"
"Bell, Dan (I)"
"Ball, Zachary (V)"
"Barbera, Laurence"
"Arey, David"
"Adi, Cesar"
"Copeland, Kevin"
"Acosta, Richard"
"Abou Khalil, Fadi"
"Abbott, Tommy"
"Brock, Benjamin (I)"
"Angarola, Richard"
"Coleman, Brady"
"Khan, Kamran (I)"
"Chapman, Zach"
"Cannon, Nick (I)"
"Clow, Stuart"
"Bass, Ronald"
"Acevedo, Jon"
"Brewster, Robert (I)"
"Abrahams, Jonathan"
"Brascia, John"
"Barry, Thom"
"Baker, Richard James"
"Arnold, David A. (II)"
"Burton, Richard (I)"
"Alzado, Lyle"
"Agustin, Marvin"
"Abello, Jarrett"
"Bairstow, Scott"
"Alexsen, Andre"
"Barkworth, Peter"
"Bond, Bryce"
"Bones, Ken"
"Arlen, Richard"
"Andreiuci, Freddy"
"Adlum, Zane"
"Boudov, Jeff"
"Alexander, Clair D."
"Auguste, Richard"
"Brown, Ralph (I)"
"Ansberry, Tom"
"Camburn, Bruce E."
"Bailey, Van"
"Benício, Murilo"
"Griffith, Bill (I)"
"Cilenti, Enzo"
"Babchak, Jim"
"Li, Tianji"
"Brooke, Michael (III)"
"Anh, Le Cong Tuan"
"Chi, Yi-Hsiung"
"Niu, Xingli"
"Du, Jiayi (I)"
"Barklem, Nick"
"Chen, Shu (I)"
"Cragg, Larry"
"Gao, Enman"
"Lawrence, Martin (I)"
"Angileri, Enzo"
"Ball, Robert (I)"
"Askin, Leon"
"Curzon, George"
"Eckhart, Aaron"
"Arimura, Jun"
"Amamoto, Hideyo"
"Correcer, L."
"Coleman, Jim R. (I)"
"Aspel, Richard"
"Dafoe, Willem"
"Burke, William (I)"
"Arnarsson, Örvar Jens"
